﻿#
# Structure for table "ad"
#

DROP TABLE IF EXISTS `ad`;
CREATE TABLE `ad` (
  `id` int(11) NOT NULL AUTO_INCREMENT,
  `url` varchar(255) DEFAULT 'https:timgsa.baidu.com/timg?image&quality=80&size=b9999_10000&sec=1550830696537&di=9a5118351e9052be7a3d7a21c3612743&imgtype=0&src=http%3A%2F%2Fp1.meituan.net%2Fmovie%2F39b595c3eaad1ccf078caa6c89d05db42732032.jpg',
  `title` varchar(255) DEFAULT '广告1' COMMENT '广告标题',
  `category_id` tinyint(3) unsigned DEFAULT '1' COMMENT '广告分类id',
  `location` varchar(255) DEFAULT '1' COMMENT '投放场所位置标识',
  `image` varchar(255) DEFAULT 'https:timgsa.baidu.com/timg?image&quality=80&size=b9999_10000&sec=1550830696537&di=9a5118351e9052be7a3d7a21c3612743&imgtype=0&src=http%3A%2F%2Fp1.meituan.net%2Fmovie%2F39b595c3eaad1ccf078caa6c89d05db42732032.jpg' COMMENT '图片地址',
  `area_code` int(6) unsigned DEFAULT '110000' COMMENT '投放地区代码',
  `longitude` float(10,6) DEFAULT '0.000000' COMMENT '经度',
  `latitude` float(10,6) DEFAULT '0.000000' COMMENT '纬度',
  `flux` int(11) unsigned DEFAULT '0' COMMENT '浏览量',
  `create_time` int(11) unsigned DEFAULT '0' COMMENT '创建时间',
  `update_time` int(11) unsigned DEFAULT '0',
  `delete_time` int(11) unsigned DEFAULT '0',
  `state` tinyint(3) unsigned DEFAULT '1' COMMENT '状态1=显示，0=隐藏',
  `user_id` bigint(20) unsigned DEFAULT NULL COMMENT '用户id',
  PRIMARY KEY (`id`)
) ENGINE=InnoDB AUTO_INCREMENT=5 DEFAULT CHARSET=utf8 COMMENT='广告';

#
# Data for table "ad"
#

INSERT INTO `ad` VALUES (2,'https:timgsa.baidu.com/timg?image&quality=80&size=b9999_10000&sec=1550830008780&di=9c5ef27ff906b9679eec66ef8e07edb6&imgtype=0&src=http%3A%2F%2Fn.sinaimg.cn%2Fsinacn10%2F115%2Fw2048h2867%2F20180706%2F7eff-hexfcvk3715675.jpg','广告1',59,'1','ad/19/04/22/1555913971938841.jpeg',110000,0.000000,0.000000,0,1554103259,1555913971,0,1,10101555674757204),(3,'https:timgsa.baidu.com/timg?image&quality=80&size=b9999_10000&sec=1550830696537&di=9a5118351e9052be7a3d7a21c3612743&imgtype=0&src=http%3A%2F%2Fp1.meituan.net%2Fmovie%2F39b595c3eaad1ccf078caa6c89d05db42732032.jpg','广告1',59,'1','ad/19/04/22/1555913993146665.jpeg',110000,0.000000,0.000000,0,1554103259,1555913993,0,1,10101555674757204),(4,'http:cs.01film.cn','电影海报1',59,'1','ad/19/04/22/1555913952520614.jpeg',110101,0.000000,0.000000,0,1554624559,1555913952,0,1,10101555674757204);

#
# Structure for table "ad_category"
#

DROP TABLE IF EXISTS `ad_category`;
CREATE TABLE `ad_category` (
  `id` int(11) NOT NULL AUTO_INCREMENT,
  `name` varchar(255) DEFAULT '未命名',
  `pid` int(3) unsigned DEFAULT '0' COMMENT '父id',
  `ranking` tinyint(3) unsigned DEFAULT '0' COMMENT '排名排序',
  `image` varchar(255) DEFAULT '0' COMMENT '图片',
  `url` varchar(255) DEFAULT '0' COMMENT '链接地址',
  `state` tinyint(3) unsigned DEFAULT '1' COMMENT '1=显示，0=隐藏',
  `user_id` bigint(20) unsigned DEFAULT '0' COMMENT '操作员id',
  `genealogy` varchar(255) DEFAULT NULL COMMENT '族谱id,记录上级全系id,分割',
  `create_time` int(11) unsigned DEFAULT NULL,
  `update_time` int(11) unsigned DEFAULT '0',
  `delete_time` int(3) unsigned DEFAULT '0',
  PRIMARY KEY (`id`)
) ENGINE=InnoDB AUTO_INCREMENT=71 DEFAULT CHARSET=utf8;

#
# Data for table "ad_category"
#

INSERT INTO `ad_category` VALUES (50,'首页大屏广告',0,10,'ad/19/04/22/1555913658798878.jpeg','0',1,101552115164859,'[0]',1554452725,1555913658,0),(59,'幻灯片',50,10,'ad/19/04/22/1555913679614165.jpeg','0',1,101552115164859,'[50]',1554461772,1555913679,0);

#
# Structure for table "admin_func"
#

DROP TABLE IF EXISTS `admin_func`;
CREATE TABLE `admin_func` (
  `id` int(11) unsigned NOT NULL AUTO_INCREMENT COMMENT '父级id',
  `method` char(6) DEFAULT '0' COMMENT '接入请求方法',
  `func_name` char(10) DEFAULT '未命名' COMMENT '权限名称 由后台系统修改',
  `delete_time` int(11) unsigned DEFAULT '0' COMMENT '删除时间',
  `create_time` int(11) unsigned DEFAULT '0' COMMENT '创建时间',
  `update_time` int(11) unsigned DEFAULT '0' COMMENT '更新时间',
  `action` varchar(255) NOT NULL DEFAULT 'rank/delete' COMMENT '操作方法',
  `note` varchar(255) DEFAULT '接入说明' COMMENT '接入说明',
  `explain` varchar(255) DEFAULT '使用说明' COMMENT '使用说明',
  `recaption` varchar(255) DEFAULT '返回数据演示' COMMENT '返回数据演示',
  `ban_param` varchar(255) DEFAULT '0' COMMENT '禁用的post参数key，多个key用逗号分割',
  `only_param` varchar(255) DEFAULT '0' COMMENT '仅允许的post参数key,多个key用逗号分割',
  `user_id` bigint(20) unsigned DEFAULT '0' COMMENT '创建人id',
  `update_user_id` bigint(20) unsigned DEFAULT '0' COMMENT '更新人id',
  `access` varchar(255) DEFAULT 'system' COMMENT '入口文件名',
  PRIMARY KEY (`id`)
) ENGINE=InnoDB AUTO_INCREMENT=150 DEFAULT CHARSET=utf8 ROW_FORMAT=COMPACT COMMENT='用户权限';

#
# Data for table "admin_func"
#

INSERT INTO `admin_func` VALUES (1,'GET','查看管理人员列表',0,1552563941,1553414773,'admin/list','trashed=1','查看管理人员列表','{code:200}','id','trashed',10101553407283564,0,'system'),(2,'DELETE','删除管理人员',0,1552563941,1553414758,'admin/delete','id=1&isTrue=0','删除管理人员','{code:200}','func_name','id,isTrue',10101553407283564,0,'system'),(3,'PUT','修改管理人员信息',0,1552563941,1553414907,'admin/update','id=1&form={k:v}','使用说明','{data:[]}','data','id,form',10101553407283564,0,'system'),(4,'POST','添加管理人员',0,1552564431,1553415091,'admin/add','user_id=12323','使用说明根据user_id从数据库调取用户信息到管理员队伍','{code:200,data:[]}','id','user_id',10101553407283564,0,'system'),(5,'GET','系统安全等级列表',0,1552564431,1553415167,'system_safe_grade/list','无特殊需求','使用说明','返回数据演示',NULL,'user_id',10101553407283564,0,'system'),(6,'PUT','修改管理人员权限',0,1552564431,1553415200,'admin_func/update','id=3&user_id=5','使用说明','{code:200,data:[]}','id','id',10101553407283564,0,'system'),(18,'GET','系统安全信息查看',0,1552824912,1553415294,'system_safe/list','无   ','系统安全','{code:200,message:ok}','user_id','id',10101553407283564,0,'system'),(22,'PUT','系统安全信息修改',0,1552827106,1553415375,'system_safe/update','id=1&form={}','修改系统入口防护','{code：200}','0','id,form',10101553407283564,0,'system'),(23,'GET','查看分组管理人员列表',0,1552890116,1553415459,'admin_user/list','id=1','查看管理人员列表','{code：200}','0','id,form',10101553407283564,0,'system'),(24,'PUT','修改组管理员',0,1552890147,1553415516,'admin_user','id=1','无    ','{code：200}','0','id,form',10101553407283564,0,'system'),(25,'DELETE','添加工作人员',0,1552893564,1553415643,'admin_user/delete','user_id=12323&isTrue=1','删除组工作人员','返回数据演示','0','user_id,isTrue',10101553407283564,0,'system'),(26,'PUT','恢复已删除组管理人员',0,1552914711,1553415769,'admin_user/restore','{data:[]}','使用说明','返回数据演示','0','user_id',10101553407283564,0,'system'),(27,'POST','添加组管理人员',0,1553158654,1553415930,'admin_user/add','user_id=1213','根据用户id从数据库查询用户信息，并且添加到管理组','{code:200}','0','user_id',10101553407283564,0,'system'),(28,'GET','查看放行的url地址',0,1553169600,1553418581,'system_safe_url/list','接入说明','使用说明','返回数据演示','0','0',10101553407283564,0,'system'),(31,'PUT','修改放行的url',0,1553420739,1553420739,'system_safe_url/update','接入说明','使用说明','返回数据演示','0','0',0,0,'system'),(32,'DELETE','删除放行的url',0,1553420739,1553420739,'system_safe_url/delete','接入说明','使用说明','返回数据演示','0','0',0,0,'system'),(33,'PUT','恢复放行的url',0,1553420739,1553420739,'system_safe_url/restore','接入说明','使用说明','返回数据演示','0','0',0,0,'system'),(34,'POST','添加安全的url',0,1553420739,0,'system_safe_url/add','接入说明','使用说明','返回数据演示','0','0',0,0,'system'),(35,'GET','管理用户组长列表',0,1553420739,0,'admin_user/list','接入说明','使用说明','返回数据演示','0','0',0,0,'system'),(36,'POST','添加用户管理组',0,1553420739,0,'admin_user/add','接入说明','使用说明','返回数据演示','0','0',0,0,'system'),(37,'PUT','修改用户管理组',0,1553420739,0,'admin_user/update','接入说明','使用说明','返回数据演示','0','0',0,0,'system'),(38,'DELETE','删除用户管理组',0,1553420739,0,'admin_user/delete','接入说明','使用说明','返回数据演示','0','0',0,0,'system'),(39,'PUT','恢复用户管理组',0,1553420739,0,'admin_user/restore','接入说明','使用说明','返回数据演示','0','0',0,0,'system'),(40,'PUT','用户管理组员修改自己',0,1553420739,0,'admin_user/MyUpdate','接入说明','使用说明','返回数据演示','0','0',0,0,'system'),(41,'GET','后台功能名称列表',0,1553420739,0,'admin_func/list','接入说明','使用说明','返回数据演示','0','0',0,0,'system'),(42,'PUT','后台功能列表数据修改',0,1553420739,0,'admin_func/update','接入说明','使用说明','返回数据演示','0','0',0,0,'system'),(43,'DELETE','后台功能列表删除',0,1553420739,0,'admin_func/delete','接入说明','使用说明','返回数据演示','0','0',0,0,'system'),(44,'PUT','后台功能恢复',0,1553420739,0,'admin_func/restore','接入说明','使用说明','返回数据演示','0','0',0,0,'system'),(45,'POST','后台功能添加',0,1553420739,0,'admin_func/add','接入说明','使用说明','返回数据演示','0','0',0,0,'system'),(46,'GET','后台功能详情列表',0,1553420739,0,'admin_func/detailedList','接入说明','使用说明','返回数据演示','0','0',0,0,'system'),(47,'GET','用户管理组权限列表',0,1553420739,0,'admin_rank/list','接入说明','使用说明','返回数据演示','0','0',0,0,'system'),(48,'PUT','用户管理组权限修改',0,1553420739,0,'admin_rank/update','接入说明','使用说明','返回数据演示','0','0',0,0,'system'),(49,'DELETE','用户管理组权限删除',0,1553420739,0,'admin_rank/delete','接入说明','使用说明','返回数据演示','0','0',0,0,'system'),(50,'POST','用户管理组权限添加',0,1553420739,0,'admin_rank/add','接入说明','使用说明','返回数据演示','0','0',0,0,'system'),(51,'GET','用户查看自己功能列表',0,1553420739,0,'admin_rank/MyRankFunc','接入说明','使用说明','返回数据演示','0','0',0,0,'system'),(52,'GET','查看管理组权限列表',0,1553420739,0,'admin_rank_func/list','接入说明','使用说明','返回数据演示','0','0',0,0,'system'),(53,'POST','给管理组增加功能权限',0,1553420739,0,'admin_rank_func/add','接入说明','使用说明','返回数据演示','0','0',0,0,'system'),(54,'DELETE','删除管理组功能权限',0,1553420739,0,'admin_rank_func/delete','接入说明','使用说明','返回数据演示','0','0',0,0,'system'),(55,'DELETE','后台管理组删除功能',0,1553420739,0,'admin_group_func/delete','接入说明','使用说明','返回数据演示','0','0',0,0,'system'),(56,'POST','后台管理组添加功能',0,1553420739,0,'admin_group_func/add','接入说明','使用说明','返回数据演示','0','0',0,0,'system'),(57,'GET','后台管理组列表',0,1553420739,0,'admin_group/list','接入说明','使用说明','返回数据演示','0','0',0,0,'system'),(58,'GET','后台管理组功能列表',0,1553420739,0,'admin_group/funcList','接入说明','使用说明','返回数据演示','0','0',0,0,'system'),(59,'POST','后台管理组添加',0,1553420739,0,'admin_group/add','接入说明','使用说明','返回数据演示','0','0',0,0,'system'),(60,'DELETE','后台管理组删除',0,1553420739,0,'admin_group/delete','接入说明','使用说明','返回数据演示','0','0',0,0,'system'),(61,'PUT','后台管理组恢复',0,1553420739,0,'admin_group/restore','接入说明','使用说明','返回数据演示','0','0',0,0,'system'),(62,'PUT','后台管理组修改',0,1553420739,0,'admin_group/update','接入说明','使用说明','返回数据演示','0','0',0,0,'system'),(63,'GET','查看用户列表',0,1553420739,1555843760,'user/list','接入说明','使用说明','返回数据演示','0','0',10101555824702746,0,'system'),(64,'POST','添加用户',0,1553420739,0,'user/add','接入说明','使用说明','返回数据演示','0','0',0,0,'system'),(65,'PUT','修改用户信息',0,1553420739,0,'user/update','接入说明','使用说明','返回数据演示','0','0',0,0,'system'),(66,'DELETE','删除用户',0,1553420739,0,'user/delete','接入说明','使用说明','返回数据演示','0','0',0,0,'system'),(67,'PUT','恢复已删除的用户',0,1553420739,0,'user/restore','接入说明','使用说明','返回数据演示','0','0',0,0,'system'),(68,'DELETE','批量删除用户',0,1553420739,0,'user/deleteAll','接入说明','使用说明','返回数据演示','0','0',0,0,'system'),(69,'PUT','批量恢复已删除用户',0,1553420739,0,'user/restoreAll','接入说明','使用说明','返回数据演示','0','0',0,0,'system'),(70,'GET','后台登陆入口',1555852922,1553420739,1555852922,'login/login','接入说明','使用说明','返回数据演示','0','0',0,0,'system'),(71,'POST','后台注册入口',1555852919,1553420739,1555852919,'login/register','接入说明','使用说明','返回数据演示','0','0',0,0,'system'),(72,'PUT','重置登陆token',0,1553420739,1555853094,'login/resetLogin','接入说明','使用说明','返回数据演示','0','0',10101555824702746,0,'system'),(73,'GET','获取图片验证码',0,1553420739,0,'verify/captcha','接入说明','使用说明','返回数据演示','0','0',0,0,'system'),(74,'GET','查看管理人员列表',0,1555841010,1555841010,'admin/list','接入说明','查看管理人员列表','{code:200}','id','trashed',10101555824702746,0,'admin'),(75,'DELETE','删除管理人员',0,1555841035,1555841035,'admin/delete','接入说明','删除管理人员','{code:200}','func_name','id,isTrue',10101555824702746,0,'admin'),(76,'PUT','修改管理人员信息',0,1555841070,1555841070,'admin/update','接入说明','使用说明','{data:[]}','data','id,form',10101555824702746,0,'admin'),(77,'POST','添加管理人员',0,1555841082,1555841082,'admin/add','接入说明','使用说明根据user_id从数据库调取用户信息到管理员队伍','{code:200,data:[]}','id','user_id',10101555824702746,0,'admin'),(78,'GET','系统安全信息查看',0,1555841159,1555841159,'system_safe/list','接入说明','系统安全','{code:200,message:ok}','user_id','id',10101555824702746,0,'admin'),(79,'GET','系统安全等级列表',0,1555841171,1555841171,'system_safe_grade/list','接入说明','使用说明','返回数据演示','user_id','user_id',10101555824702746,0,'admin'),(80,'PUT','修改管理人员权限',0,1555841212,1555841212,'admin_func/update','接入说明','使用说明','{code:200,data:[]}','id','id',10101555824702746,0,'admin'),(81,'PUT','系统安全信息修改',0,1555841235,1555841235,'system_safe/update','接入说明','修改系统入口防护','{code：200}','0','id,form',10101555824702746,0,'admin'),(82,'GET','查看分组管理人员列表',0,1555841247,1555841247,'admin_user/list','接入说明','查看管理人员列表','{code：200}','0','id,form',10101555824702746,0,'admin'),(83,'PUT','修改组管理员',0,1555841256,1555841256,'admin_user','接入说明','无    ','{code：200}','0','id,form',10101555824702746,0,'admin'),(84,'DELETE','添加工作人员',0,1555841267,1555841267,'admin_user/delete','接入说明','删除组工作人员','返回数据演示','0','user_id,isTrue',10101555824702746,0,'admin'),(85,'PUT','恢复已删除组管理人员',0,1555841277,1555841277,'admin_user/restore','接入说明','使用说明','返回数据演示','0','user_id',10101555824702746,0,'admin'),(86,'POST','添加组管理人员',0,1555841285,1555841285,'admin_user/add','接入说明','根据用户id从数据库查询用户信息，并且添加到管理组','{code:200}','0','user_id',10101555824702746,0,'admin'),(87,'PUT','修改放行的url',0,1555841297,1555841297,'system_safe_url/update','接入说明','使用说明','返回数据演示','0','0',10101555824702746,0,'admin'),(88,'GET','管理用户组长列表',0,1555841322,1555841322,'admin_user/list','接入说明','使用说明','返回数据演示','0','0',10101555824702746,0,'admin'),(89,'POST','添加用户管理组',0,1555841333,1555841333,'admin_user/add','接入说明','使用说明','返回数据演示','0','0',10101555824702746,0,'admin'),(90,'PUT','修改用户管理组',0,1555841341,1555841341,'admin_user/update','接入说明','使用说明','返回数据演示','0','0',10101555824702746,0,'admin'),(91,'DELETE','删除用户管理组',0,1555841403,1555841403,'admin_user/delete','接入说明','使用说明','返回数据演示','0','0',10101555824702746,0,'admin'),(92,'GET','后台功能名称列表',0,1555841413,1555841413,'admin_func/list','接入说明','使用说明','返回数据演示','0','0',10101555824702746,0,'admin'),(93,'PUT','后台功能列表数据修改',0,1555841422,1555841422,'admin_func/update','接入说明','使用说明','返回数据演示','0','0',10101555824702746,0,'admin'),(94,'DELETE','后台功能列表删除',0,1555841436,1555841436,'admin_func/delete','接入说明','使用说明','返回数据演示','0','0',10101555824702746,0,'admin'),(95,'PUT','后台功能恢复',0,1555841455,1555841455,'admin_func/restore','接入说明','使用说明','返回数据演示','0','0',10101555824702746,0,'admin'),(96,'GET','后台功能详情列表',0,1555841464,1555841464,'admin_func/detailedList','接入说明','使用说明','返回数据演示','0','0',10101555824702746,0,'admin'),(97,'POST','后台功能添加',0,1555841473,1555841473,'admin_func/add','接入说明','使用说明','返回数据演示','0','0',10101555824702746,0,'admin'),(98,'GET','用户管理组权限列表',0,1555841482,1555841482,'admin_rank/list','接入说明','使用说明','返回数据演示','0','0',10101555824702746,0,'admin'),(99,'PUT','用户管理组权限修改',0,1555841493,1555841493,'admin_rank/update','接入说明','使用说明','返回数据演示','0','0',10101555824702746,0,'admin'),(100,'DELETE','用户管理组权限删除',0,1555841501,1555841501,'admin_rank/delete','接入说明','使用说明','返回数据演示','0','0',10101555824702746,0,'admin'),(101,'POST','用户管理组权限添加',0,1555841508,1555841508,'admin_rank/add','接入说明','使用说明','返回数据演示','0','0',10101555824702746,0,'admin'),(102,'GET','用户查看自己功能列表',0,1555841516,1555841516,'admin_rank/MyRankFunc','接入说明','使用说明','返回数据演示','0','0',10101555824702746,0,'admin'),(103,'POST','给管理组增加功能权限',0,1555841528,1555841528,'admin_rank_func/add','接入说明','使用说明','返回数据演示','0','0',10101555824702746,0,'admin'),(104,'DELETE','删除管理组功能权限',0,1555841535,1555841535,'admin_rank_func/delete','接入说明','使用说明','返回数据演示','0','0',10101555824702746,0,'admin'),(105,'DELETE','删除管理组功能权限',0,1555841546,1555841546,'admin_rank_func/delete','接入说明','使用说明','返回数据演示','0','0',10101555824702746,0,'admin'),(106,'DELETE','后台管理组删除功能',0,1555841556,1555841556,'admin_group_func/delete','接入说明','使用说明','返回数据演示','0','0',10101555824702746,0,'admin'),(107,'POST','后台管理组添加功能',0,1555841564,1555841564,'admin_group_func/add','接入说明','使用说明','返回数据演示','0','0',10101555824702746,0,'admin'),(108,'GET','后台管理组列表',0,1555841575,1555841575,'admin_group/list','接入说明','使用说明','返回数据演示','0','0',10101555824702746,0,'admin'),(109,'GET','后台管理组功能列表',0,1555842468,1555842468,'admin_group/funcList','接入说明','使用说明','返回数据演示','0','0',10101555824702746,0,'admin'),(110,'POST','后台管理组添加',0,1555842475,1555842475,'admin_group/add','接入说明','使用说明','返回数据演示','0','0',10101555824702746,0,'admin'),(111,'POST','后台管理组添加',0,1555842484,1555842484,'admin_group/add','接入说明','使用说明','返回数据演示','0','0',10101555824702746,0,'admin'),(112,'DELETE','后台管理组删除',0,1555842492,1555842492,'admin_group/delete','接入说明','使用说明','返回数据演示','0','0',10101555824702746,0,'admin'),(113,'PUT','后台管理组恢复',0,1555842500,1555842500,'admin_group/restore','接入说明','使用说明','返回数据演示','0','0',10101555824702746,0,'admin'),(114,'PUT','后台管理组修改',0,1555842508,1555842508,'admin_group/update','接入说明','使用说明','返回数据演示','0','0',10101555824702746,0,'admin'),(115,'GET','查看用户列表',0,1555842515,1555843721,'user/list','接入说明','使用说明','返回数据演示','0','0',10101555824702746,0,'admin'),(116,'GET','查看用户列表',0,1555842523,1555842523,'user/user','接入说明','使用说明','返回数据演示','0','0',10101555824702746,0,'admin'),(117,'POST','添加用户',0,1555842533,1555842533,'user/add','接入说明','使用说明','返回数据演示','0','0',10101555824702746,0,'admin'),(118,'POST','添加用户',0,1555842548,1555842548,'user/add','接入说明','使用说明','返回数据演示','0','0',10101555824702746,0,'admin'),(119,'PUT','修改用户信息',0,1555842558,1555842558,'user/update','接入说明','使用说明','返回数据演示','0','0',10101555824702746,0,'admin'),(120,'DELETE','删除用户',0,1555842569,1555842569,'user/delete','接入说明','使用说明','返回数据演示','0','0',10101555824702746,0,'admin'),(121,'PUT','恢复已删除的用户',0,1555842577,1555842577,'user/restore','接入说明','使用说明','返回数据演示','0','0',10101555824702746,0,'admin'),(122,'DELETE','批量删除用户',0,1555842585,1555842585,'user/deleteAll','接入说明','使用说明','返回数据演示','0','0',10101555824702746,0,'admin'),(123,'PUT','批量恢复已删除用户',0,1555842594,1555842594,'user/restoreAll','接入说明','使用说明','返回数据演示','0','0',10101555824702746,0,'admin'),(124,'GET','后台登陆入口',1555853055,1555842605,1555853055,'login/login','接入说明','使用说明','返回数据演示','0','0',10101555824702746,0,'admin'),(125,'POST','后台注册入口',1555853053,1555842613,1555853053,'login/register','接入说明','使用说明','返回数据演示','0','0',10101555824702746,0,'admin'),(126,'PUT','重置登陆token',0,1555842622,1555853050,'login/resetLogin','接入说明','使用说明','返回数据演示','0','0',10101555824702746,0,'admin'),(127,'GET','获取图片验证码',0,1555842630,1555842630,'verify/captcha','接入说明','使用说明','返回数据演示','0','0',10101555824702746,0,'admin'),(128,'GET','查看导航列表',0,1555843861,1555843861,'nav/list','接入说明','使用说明','返回数据演示','0','0',10101555824702746,0,'admin'),(129,'DELETE','删除新闻分类',0,1555843880,1555852270,'news_category/delete','接入说明','使用说明','返回数据演示','0','0',10101555824702746,0,'admin'),(130,'PUT','恢复已删除广告',0,1555843939,1555852080,'ad/restore','接入说明','使用说明','返回数据演示','0','0',10101555824702746,0,'admin'),(131,'POST','添加广告',0,1555843993,1555851989,'ad/add','接入说明','使用说明','返回数据演示','0','0',10101555824702746,0,'admin'),(132,'GET','查看广告详情',0,1555851831,1555851964,'ad/detail','接入说明','使用说明','返回数据演示','0','0',10101555824702746,0,'admin'),(133,'GET','查看广告分类表',0,1555851865,1555851865,'ad_category/list','接入说明','使用说明','返回数据演示','0','0',10101555824702746,0,'admin'),(134,'PUT','修改广告分类',0,1555851915,1555852282,'ad_category/update','接入说明','使用说明','返回数据演示','0','0',10101555824702746,0,'admin'),(135,'DELETE','删除广告分类',0,1555851943,1555851943,'ad_category/delete','接入说明','使用说明','返回数据演示','0','0',10101555824702746,0,'admin'),(136,'PUT','修改广告',0,1555852015,1555852015,'ad/update','接入说明','使用说明','返回数据演示','0','0',10101555824702746,0,'admin'),(137,'DELETE','删除广告',0,1555852035,1555852035,'ad/delete','接入说明','使用说明','返回数据演示','0','0',10101555824702746,0,'admin'),(138,'GET','查看新闻分类表',0,1555852209,1555852209,'news_category/list','接入说明','使用说明','返回数据演示','0','0',10101555824702746,0,'admin'),(139,'POST','添加新闻',0,1555852232,1555852314,'news/add','接入说明','使用说明','返回数据演示','0','0',10101555824702746,0,'admin'),(140,'PUT','修改新闻分类',0,1555852245,1555852292,'news_category/update','接入说明','使用说明','返回数据演示','0','0',10101555824702746,0,'admin'),(141,'PUT','修改新闻',0,1555852330,1555852330,'news/update','接入说明','使用说明','返回数据演示','0','0',10101555824702746,0,'admin'),(142,'GET','查看新闻列表',0,1555852352,1555852352,'news/list','接入说明','使用说明','返回数据演示','0','0',10101555824702746,0,'admin'),(143,'GET','查看新闻详情',0,1555852371,1555852371,'news/detail','接入说明','使用说明','返回数据演示','0','0',10101555824702746,0,'admin'),(144,'DELETE','删除新闻',0,1555852388,1555852388,'news/delete','接入说明','使用说明','返回数据演示','0','0',10101555824702746,0,'admin'),(145,'PUT','恢复已删新闻',0,1555852423,1555852423,'news/restore','接入说明','使用说明','返回数据演示','0','0',10101555824702746,0,'admin'),(146,'GET','查看新闻图片列表',0,1555852495,1555852495,'news_image/detailedList','接入说明','使用说明','返回数据演示','0','0',10101555824702746,0,'admin'),(147,'POST','上传新闻图片',0,1555852523,1555852523,'news_image/upload','接入说明','使用说明','返回数据演示','0','0',10101555824702746,0,'admin'),(148,'DELETE','删除新闻图片',0,1555852541,1555852541,'news_image/delete','接入说明','使用说明','返回数据演示','0','0',10101555824702746,0,'admin'),(149,'GET','查看广告列表',0,1555852682,1555852682,'ad/list','接入说明','使用说明','返回数据演示','0','0',10101555824702746,0,'admin');

#
# Structure for table "admin_group"
#

DROP TABLE IF EXISTS `admin_group`;
CREATE TABLE `admin_group` (
  `id` int(11) unsigned NOT NULL AUTO_INCREMENT,
  `group_name` char(10) DEFAULT NULL,
  `state` tinyint(3) unsigned DEFAULT '0' COMMENT '2=已认证，1=认证中',
  `delete_time` int(11) unsigned DEFAULT '0',
  `create_time` int(11) unsigned DEFAULT '0',
  `update_time` int(11) unsigned DEFAULT '0',
  `user_id` bigint(20) unsigned DEFAULT NULL COMMENT '创建人',
  `update_user_id` bigint(20) unsigned DEFAULT '0' COMMENT '上次提交修改操作员',
  PRIMARY KEY (`id`)
) ENGINE=InnoDB AUTO_INCREMENT=8 DEFAULT CHARSET=utf8 ROW_FORMAT=COMPACT COMMENT='认证类型';

#
# Data for table "admin_group"
#

INSERT INTO `admin_group` VALUES (1,'后台管理员',2,0,1552731247,1552965420,101552219455549,101552219455549),(2,'前端管理员',2,0,1552731247,1553171107,101552219455549,101552219455549),(3,'后端客服',0,0,1552961683,1553171639,101552219455549,101552219455549);

#
# Structure for table "admin"
#

DROP TABLE IF EXISTS `admin`;
CREATE TABLE `admin` (
  `id` bigint(20) unsigned DEFAULT '0' COMMENT '用户id=店主',
  `admin_name` varchar(255) DEFAULT '未命名' COMMENT '自定义名称',
  `group_id` int(11) unsigned NOT NULL DEFAULT '1' COMMENT '认证权限等级 由系统分配设置',
  `delete_time` int(11) unsigned DEFAULT '0' COMMENT '删除时间',
  `create_time` int(11) unsigned DEFAULT '0' COMMENT '创建时间',
  `update_time` int(11) unsigned DEFAULT '0' COMMENT '更新时间',
  `create_user_id` bigint(20) unsigned DEFAULT '0' COMMENT '上级用户id 上级id=系统管理员，这个字段在考虑是否废除',
  `is_admin` int(11) unsigned DEFAULT '0' COMMENT '是否超级管理员',
  UNIQUE KEY `id` (`id`) COMMENT '=用户id',
  KEY `group_id` (`group_id`),
  CONSTRAINT `admin_ibfk_1` FOREIGN KEY (`group_id`) REFERENCES `admin_group` (`id`)
) ENGINE=InnoDB DEFAULT CHARSET=utf8 ROW_FORMAT=COMPACT COMMENT='用户权限';

#
# Data for table "admin"
#

INSERT INTO `admin` VALUES (10101555674757204,'admin',2,0,1553156153,1555919922,0,0);

#
# Structure for table "admin_group_func"
#

DROP TABLE IF EXISTS `admin_group_func`;
CREATE TABLE `admin_group_func` (
  `id` int(11) unsigned NOT NULL AUTO_INCREMENT,
  `group_id` int(11) unsigned DEFAULT '2' COMMENT '关联group表id',
  `func_id` int(11) unsigned DEFAULT '1' COMMENT '关联func表id',
  PRIMARY KEY (`id`),
  UNIQUE KEY `func_id` (`func_id`,`group_id`) COMMENT '联合主键保证同一个方法在一个组内只存在一次',
  KEY `group_id` (`group_id`),
  CONSTRAINT `admin_group_func_ibfk_1` FOREIGN KEY (`func_id`) REFERENCES `admin_func` (`id`),
  CONSTRAINT `admin_group_func_ibfk_2` FOREIGN KEY (`group_id`) REFERENCES `admin_group` (`id`)
) ENGINE=InnoDB AUTO_INCREMENT=69 DEFAULT CHARSET=utf8 ROW_FORMAT=COMPACT;

#
# Data for table "admin_group_func"
#

INSERT INTO `admin_group_func` VALUES (1,1,1),(3,1,3),(5,1,5),(7,1,22),(8,2,6),(9,2,5),(14,2,4),(21,1,18),(23,1,23),(24,1,24),(25,1,6),(26,1,25),(38,3,1),(39,3,2),(40,3,3),(41,3,4),(45,3,22),(46,3,23),(47,3,24),(50,1,2),(58,3,25),(60,3,5),(61,3,6),(62,3,18),(63,2,2),(64,2,1),(67,2,18),(68,2,28);

#
# Structure for table "admin_rank"
#

DROP TABLE IF EXISTS `admin_rank`;
CREATE TABLE `admin_rank` (
  `id` bigint(20) unsigned NOT NULL AUTO_INCREMENT COMMENT '职务id由店主创建',
  `rank_name` char(10) DEFAULT NULL COMMENT '权重名称',
  `admin_id` bigint(20) unsigned DEFAULT NULL COMMENT '创建人id',
  `delete_time` int(11) unsigned DEFAULT '0',
  `create_time` int(11) unsigned DEFAULT '0',
  `update_time` int(11) unsigned DEFAULT '0',
  PRIMARY KEY (`id`),
  KEY `admin_id` (`admin_id`)
) ENGINE=InnoDB AUTO_INCREMENT=12 DEFAULT CHARSET=utf8 ROW_FORMAT=COMPACT;

#
# Data for table "admin_rank"
#

INSERT INTO `admin_rank` VALUES (1,'财务',101552219455549,0,1552731247,1555842270),(5,'后台管理员',101552219455549,0,1552786513,1555841599);

#
# Structure for table "admin_rank_func"
#

DROP TABLE IF EXISTS `admin_rank_func`;
CREATE TABLE `admin_rank_func` (
  `id` bigint(20) unsigned NOT NULL AUTO_INCREMENT,
  `rank_id` bigint(20) unsigned NOT NULL DEFAULT '0' COMMENT '权限等级对应admin_rank 店主账号修改',
  `func_id` int(11) unsigned DEFAULT '0' COMMENT '功能id 对应admin_func系统分配不可修改',
  PRIMARY KEY (`id`),
  UNIQUE KEY `func_id` (`func_id`,`rank_id`),
  KEY `rank_id` (`rank_id`),
  CONSTRAINT `admin_rank_func_ibfk_1` FOREIGN KEY (`rank_id`) REFERENCES `admin_rank` (`id`),
  CONSTRAINT `admin_rank_func_ibfk_2` FOREIGN KEY (`func_id`) REFERENCES `admin_func` (`id`)
) ENGINE=InnoDB AUTO_INCREMENT=243 DEFAULT CHARSET=utf8 ROW_FORMAT=COMPACT COMMENT='用户权限';

#
# Data for table "admin_rank_func"
#

INSERT INTO `admin_rank_func` VALUES (113,5,5),(115,5,6),(164,5,51),(165,5,63),(166,5,80),(167,5,74),(168,5,75),(169,5,76),(170,5,77),(171,5,78),(172,5,82),(173,5,81),(174,5,79),(175,5,83),(176,5,84),(177,5,85),(178,5,86),(179,5,87),(180,5,88),(181,5,89),(182,5,90),(183,5,91),(184,5,92),(185,5,93),(186,5,94),(187,5,95),(188,5,96),(189,5,97),(190,5,98),(191,5,99),(192,5,100),(193,5,101),(194,5,102),(195,5,103),(196,5,104),(197,5,105),(198,5,106),(199,5,107),(200,5,108),(201,5,18),(202,5,109),(203,5,110),(204,5,111),(205,5,112),(206,5,113),(207,5,114),(208,5,115),(209,5,116),(210,5,117),(211,5,118),(212,5,119),(213,5,121),(214,5,120),(215,5,122),(216,5,123),(217,5,124),(218,5,125),(219,5,126),(220,5,127),(221,5,128),(222,5,130),(223,5,131),(224,5,129),(225,5,132),(226,5,133),(227,5,134),(228,5,135),(229,5,136),(230,5,137),(231,5,138),(232,5,139),(233,5,140),(234,5,141),(235,5,142),(236,5,143),(237,5,144),(238,5,145),(239,5,146),(240,5,147),(241,5,148),(242,5,149);

#
# Structure for table "admin_user"
#

DROP TABLE IF EXISTS `admin_user`;
CREATE TABLE `admin_user` (
  `user_id` bigint(20) unsigned DEFAULT '0' COMMENT '用户id',
  `user_name` varchar(255) DEFAULT '未命名' COMMENT '权限名称',
  `rank_id` bigint(20) unsigned DEFAULT '0' COMMENT '权限等级 对应admin_func_relation.由店主修改',
  `delete_time` int(11) unsigned DEFAULT '0' COMMENT '删除时间',
  `create_time` int(11) unsigned DEFAULT '0' COMMENT '创建时间',
  `update_time` int(11) unsigned DEFAULT '0' COMMENT '更新时间',
  `admin_id` bigint(20) unsigned DEFAULT '0' COMMENT '组长id=创建人id',
  UNIQUE KEY `user_id` (`user_id`),
  KEY `admin_id` (`admin_id`)
) ENGINE=InnoDB DEFAULT CHARSET=utf8 ROW_FORMAT=COMPACT COMMENT='用户权限';

#
# Data for table "admin_user"
#

INSERT INTO `admin_user` VALUES (10101555674757204,'快乐每一天',5,0,1555914912,1555915143,10101555674757204);

#
# Structure for table "area"
#

DROP TABLE IF EXISTS `area`;
CREATE TABLE `area` (
  `id` int(11) unsigned NOT NULL AUTO_INCREMENT COMMENT 'id',
  `pid` int(11) unsigned DEFAULT '0' COMMENT '父id',
  `name` varchar(255) DEFAULT '' COMMENT '名称',
  `level` tinyint(3) unsigned DEFAULT '0' COMMENT '级别',
  PRIMARY KEY (`id`)
) ENGINE=InnoDB AUTO_INCREMENT=820001 DEFAULT CHARSET=utf8 ROW_FORMAT=COMPACT COMMENT='地区代码';

#
# Data for table "area"
#

INSERT INTO `area` VALUES (110000,0,'北京市',1),(110100,110000,'市辖区',2),(110101,110100,'东城区',3),(110102,110100,'西城区',3),(110105,110100,'朝阳区',3),(110106,110100,'丰台区',3),(110107,110100,'石景山区',3),(110108,110100,'海淀区',3),(110109,110100,'门头沟区',3),(110111,110100,'房山区',3),(110112,110100,'通州区',3),(110113,110100,'顺义区',3),(110114,110100,'昌平区',3),(110115,110100,'大兴区',3),(110116,110100,'怀柔区',3),(110117,110100,'平谷区',3),(110118,110100,'密云区',3),(110119,110100,'延庆区',3),(120000,0,'天津市',1),(120100,120000,'市辖区',2),(120101,120100,'和平区',3),(120102,120100,'河东区',3),(120103,120100,'河西区',3),(120104,120100,'南开区',3),(120105,120100,'河北区',3),(120106,120100,'红桥区',3),(120110,120100,'东丽区',3),(120111,120100,'西青区',3),(120112,120100,'津南区',3),(120113,120100,'北辰区',3),(120114,120100,'武清区',3),(120115,120100,'宝坻区',3),(120116,120100,'滨海新区',3),(120117,120100,'宁河区',3),(120118,120100,'静海区',3),(120119,120100,'蓟州区',3),(130000,0,'河北省',1),(130100,130000,'石家庄市',2),(130101,130100,'市辖区',3),(130102,130100,'长安区',3),(130104,130100,'桥西区',3),(130105,130100,'新华区',3),(130107,130100,'井陉矿区',3),(130108,130100,'裕华区',3),(130109,130100,'藁城区',3),(130110,130100,'鹿泉区',3),(130111,130100,'栾城区',3),(130121,130100,'井陉县',3),(130123,130100,'正定县',3),(130125,130100,'行唐县',3),(130126,130100,'灵寿县',3),(130127,130100,'高邑县',3),(130128,130100,'深泽县',3),(130129,130100,'赞皇县',3),(130130,130100,'无极县',3),(130131,130100,'平山县',3),(130132,130100,'元氏县',3),(130133,130100,'赵县',3),(130181,130100,'辛集市',3),(130183,130100,'晋州市',3),(130184,130100,'新乐市',3),(130200,130000,'唐山市',2),(130201,130200,'市辖区',3),(130202,130200,'路南区',3),(130203,130200,'路北区',3),(130204,130200,'古冶区',3),(130205,130200,'开平区',3),(130207,130200,'丰南区',3),(130208,130200,'丰润区',3),(130209,130200,'曹妃甸区',3),(130224,130200,'滦南县',3),(130225,130200,'乐亭县',3),(130227,130200,'迁西县',3),(130229,130200,'玉田县',3),(130281,130200,'遵化市',3),(130283,130200,'迁安市',3),(130284,130200,'滦州市',3),(130300,130000,'秦皇岛市',2),(130301,130300,'市辖区',3),(130302,130300,'海港区',3),(130303,130300,'山海关区',3),(130304,130300,'北戴河区',3),(130306,130300,'抚宁区',3),(130321,130300,'青龙满族自治县',3),(130322,130300,'昌黎县',3),(130324,130300,'卢龙县',3),(130400,130000,'邯郸市',2),(130401,130400,'市辖区',3),(130402,130400,'邯山区',3),(130403,130400,'丛台区',3),(130404,130400,'复兴区',3),(130406,130400,'峰峰矿区',3),(130407,130400,'肥乡区',3),(130408,130400,'永年区',3),(130423,130400,'临漳县',3),(130424,130400,'成安县',3),(130425,130400,'大名县',3),(130426,130400,'涉县',3),(130427,130400,'磁县',3),(130430,130400,'邱县',3),(130431,130400,'鸡泽县',3),(130432,130400,'广平县',3),(130433,130400,'馆陶县',3),(130434,130400,'魏县',3),(130435,130400,'曲周县',3),(130481,130400,'武安市',3),(130500,130000,'邢台市',2),(130501,130500,'市辖区',3),(130502,130500,'桥东区',3),(130503,130500,'桥西区',3),(130521,130500,'邢台县',3),(130522,130500,'临城县',3),(130523,130500,'内丘县',3),(130524,130500,'柏乡县',3),(130525,130500,'隆尧县',3),(130526,130500,'任县',3),(130527,130500,'南和县',3),(130528,130500,'宁晋县',3),(130529,130500,'巨鹿县',3),(130530,130500,'新河县',3),(130531,130500,'广宗县',3),(130532,130500,'平乡县',3),(130533,130500,'威县',3),(130534,130500,'清河县',3),(130535,130500,'临西县',3),(130581,130500,'南宫市',3),(130582,130500,'沙河市',3),(130600,130000,'保定市',2),(130601,130600,'市辖区',3),(130602,130600,'竞秀区',3),(130606,130600,'莲池区',3),(130607,130600,'满城区',3),(130608,130600,'清苑区',3),(130609,130600,'徐水区',3),(130623,130600,'涞水县',3),(130624,130600,'阜平县',3),(130626,130600,'定兴县',3),(130627,130600,'唐县',3),(130628,130600,'高阳县',3),(130629,130600,'容城县',3),(130630,130600,'涞源县',3),(130631,130600,'望都县',3),(130632,130600,'安新县',3),(130633,130600,'易县',3),(130634,130600,'曲阳县',3),(130635,130600,'蠡县',3),(130636,130600,'顺平县',3),(130637,130600,'博野县',3),(130638,130600,'雄县',3),(130681,130600,'涿州市',3),(130682,130600,'定州市',3),(130683,130600,'安国市',3),(130684,130600,'高碑店市',3),(130700,130000,'张家口市',2),(130701,130700,'市辖区',3),(130702,130700,'桥东区',3),(130703,130700,'桥西区',3),(130705,130700,'宣化区',3),(130706,130700,'下花园区',3),(130708,130700,'万全区',3),(130709,130700,'崇礼区',3),(130722,130700,'张北县',3),(130723,130700,'康保县',3),(130724,130700,'沽源县',3),(130725,130700,'尚义县',3),(130726,130700,'蔚县',3),(130727,130700,'阳原县',3),(130728,130700,'怀安县',3),(130730,130700,'怀来县',3),(130731,130700,'涿鹿县',3),(130732,130700,'赤城县',3),(130800,130000,'承德市',2),(130801,130800,'市辖区',3),(130802,130800,'双桥区',3),(130803,130800,'双滦区',3),(130804,130800,'鹰手营子矿区',3),(130821,130800,'承德县',3),(130822,130800,'兴隆县',3),(130824,130800,'滦平县',3),(130825,130800,'隆化县',3),(130826,130800,'丰宁满族自治县',3),(130827,130800,'宽城满族自治县',3),(130828,130800,'围场满族蒙古族自治县',3),(130881,130800,'平泉市',3),(130900,130000,'沧州市',2),(130901,130900,'市辖区',3),(130902,130900,'新华区',3),(130903,130900,'运河区',3),(130921,130900,'沧县',3),(130922,130900,'青县',3),(130923,130900,'东光县',3),(130924,130900,'海兴县',3),(130925,130900,'盐山县',3),(130926,130900,'肃宁县',3),(130927,130900,'南皮县',3),(130928,130900,'吴桥县',3),(130929,130900,'献县',3),(130930,130900,'孟村回族自治县',3),(130981,130900,'泊头市',3),(130982,130900,'任丘市',3),(130983,130900,'黄骅市',3),(130984,130900,'河间市',3),(131000,130000,'廊坊市',2),(131001,131000,'市辖区',3),(131002,131000,'安次区',3),(131003,131000,'广阳区',3),(131022,131000,'固安县',3),(131023,131000,'永清县',3),(131024,131000,'香河县',3),(131025,131000,'大城县',3),(131026,131000,'文安县',3),(131028,131000,'大厂回族自治县',3),(131081,131000,'霸州市',3),(131082,131000,'三河市',3),(131100,130000,'衡水市',2),(131101,131100,'市辖区',3),(131102,131100,'桃城区',3),(131103,131100,'冀州区',3),(131121,131100,'枣强县',3),(131122,131100,'武邑县',3),(131123,131100,'武强县',3),(131124,131100,'饶阳县',3),(131125,131100,'安平县',3),(131126,131100,'故城县',3),(131127,131100,'景县',3),(131128,131100,'阜城县',3),(131182,131100,'深州市',3),(140000,0,'山西省',1),(140100,140000,'太原市',2),(140101,140100,'市辖区',3),(140105,140100,'小店区',3),(140106,140100,'迎泽区',3),(140107,140100,'杏花岭区',3),(140108,140100,'尖草坪区',3),(140109,140100,'万柏林区',3),(140110,140100,'晋源区',3),(140121,140100,'清徐县',3),(140122,140100,'阳曲县',3),(140123,140100,'娄烦县',3),(140181,140100,'古交市',3),(140200,140000,'大同市',2),(140201,140200,'市辖区',3),(140212,140200,'新荣区',3),(140213,140200,'平城区',3),(140214,140200,'云冈区',3),(140215,140200,'云州区',3),(140221,140200,'阳高县',3),(140222,140200,'天镇县',3),(140223,140200,'广灵县',3),(140224,140200,'灵丘县',3),(140225,140200,'浑源县',3),(140226,140200,'左云县',3),(140300,140000,'阳泉市',2),(140301,140300,'市辖区',3),(140302,140300,'城区',3),(140303,140300,'矿区',3),(140311,140300,'郊区',3),(140321,140300,'平定县',3),(140322,140300,'盂县',3),(140400,140000,'长治市',2),(140401,140400,'市辖区',3),(140403,140400,'潞州区',3),(140404,140400,'上党区',3),(140405,140400,'屯留区',3),(140406,140400,'潞城区',3),(140423,140400,'襄垣县',3),(140425,140400,'平顺县',3),(140426,140400,'黎城县',3),(140427,140400,'壶关县',3),(140428,140400,'长子县',3),(140429,140400,'武乡县',3),(140430,140400,'沁县',3),(140431,140400,'沁源县',3),(140500,140000,'晋城市',2),(140501,140500,'市辖区',3),(140502,140500,'城区',3),(140521,140500,'沁水县',3),(140522,140500,'阳城县',3),(140524,140500,'陵川县',3),(140525,140500,'泽州县',3),(140581,140500,'高平市',3),(140600,140000,'朔州市',2),(140601,140600,'市辖区',3),(140602,140600,'朔城区',3),(140603,140600,'平鲁区',3),(140621,140600,'山阴县',3),(140622,140600,'应县',3),(140623,140600,'右玉县',3),(140681,140600,'怀仁市',3),(140700,140000,'晋中市',2),(140701,140700,'市辖区',3),(140702,140700,'榆次区',3),(140721,140700,'榆社县',3),(140722,140700,'左权县',3),(140723,140700,'和顺县',3),(140724,140700,'昔阳县',3),(140725,140700,'寿阳县',3),(140726,140700,'太谷县',3),(140727,140700,'祁县',3),(140728,140700,'平遥县',3),(140729,140700,'灵石县',3),(140781,140700,'介休市',3),(140800,140000,'运城市',2),(140801,140800,'市辖区',3),(140802,140800,'盐湖区',3),(140821,140800,'临猗县',3),(140822,140800,'万荣县',3),(140823,140800,'闻喜县',3),(140824,140800,'稷山县',3),(140825,140800,'新绛县',3),(140826,140800,'绛县',3),(140827,140800,'垣曲县',3),(140828,140800,'夏县',3),(140829,140800,'平陆县',3),(140830,140800,'芮城县',3),(140881,140800,'永济市',3),(140882,140800,'河津市',3),(140900,140000,'忻州市',2),(140901,140900,'市辖区',3),(140902,140900,'忻府区',3),(140921,140900,'定襄县',3),(140922,140900,'五台县',3),(140923,140900,'代县',3),(140924,140900,'繁峙县',3),(140925,140900,'宁武县',3),(140926,140900,'静乐县',3),(140927,140900,'神池县',3),(140928,140900,'五寨县',3),(140929,140900,'岢岚县',3),(140930,140900,'河曲县',3),(140931,140900,'保德县',3),(140932,140900,'偏关县',3),(140981,140900,'原平市',3),(141000,140000,'临汾市',2),(141001,141000,'市辖区',3),(141002,141000,'尧都区',3),(141021,141000,'曲沃县',3),(141022,141000,'翼城县',3),(141023,141000,'襄汾县',3),(141024,141000,'洪洞县',3),(141025,141000,'古县',3),(141026,141000,'安泽县',3),(141027,141000,'浮山县',3),(141028,141000,'吉县',3),(141029,141000,'乡宁县',3),(141030,141000,'大宁县',3),(141031,141000,'隰县',3),(141032,141000,'永和县',3),(141033,141000,'蒲县',3),(141034,141000,'汾西县',3),(141081,141000,'侯马市',3),(141082,141000,'霍州市',3),(141100,140000,'吕梁市',2),(141101,141100,'市辖区',3),(141102,141100,'离石区',3),(141121,141100,'文水县',3),(141122,141100,'交城县',3),(141123,141100,'兴县',3),(141124,141100,'临县',3),(141125,141100,'柳林县',3),(141126,141100,'石楼县',3),(141127,141100,'岚县',3),(141128,141100,'方山县',3),(141129,141100,'中阳县',3),(141130,141100,'交口县',3),(141181,141100,'孝义市',3),(141182,141100,'汾阳市',3),(150000,0,'内蒙古自治区',1),(150100,150000,'呼和浩特市',2),(150101,150100,'市辖区',3),(150102,150100,'新城区',3),(150103,150100,'回民区',3),(150104,150100,'玉泉区',3),(150105,150100,'赛罕区',3),(150121,150100,'土默特左旗',3),(150122,150100,'托克托县',3),(150123,150100,'和林格尔县',3),(150124,150100,'清水河县',3),(150125,150100,'武川县',3),(150200,150000,'包头市',2),(150201,150200,'市辖区',3),(150202,150200,'东河区',3),(150203,150200,'昆都仑区',3),(150204,150200,'青山区',3),(150205,150200,'石拐区',3),(150206,150200,'白云鄂博矿区',3),(150207,150200,'九原区',3),(150221,150200,'土默特右旗',3),(150222,150200,'固阳县',3),(150223,150200,'达尔罕茂明安联合旗',3),(150300,150000,'乌海市',2),(150301,150300,'市辖区',3),(150302,150300,'海勃湾区',3),(150303,150300,'海南区',3),(150304,150300,'乌达区',3),(150400,150000,'赤峰市',2),(150401,150400,'市辖区',3),(150402,150400,'红山区',3),(150403,150400,'元宝山区',3),(150404,150400,'松山区',3),(150421,150400,'阿鲁科尔沁旗',3),(150422,150400,'巴林左旗',3),(150423,150400,'巴林右旗',3),(150424,150400,'林西县',3),(150425,150400,'克什克腾旗',3),(150426,150400,'翁牛特旗',3),(150428,150400,'喀喇沁旗',3),(150429,150400,'宁城县',3),(150430,150400,'敖汉旗',3),(150500,150000,'通辽市',2),(150501,150500,'市辖区',3),(150502,150500,'科尔沁区',3),(150521,150500,'科尔沁左翼中旗',3),(150522,150500,'科尔沁左翼后旗',3),(150523,150500,'开鲁县',3),(150524,150500,'库伦旗',3),(150525,150500,'奈曼旗',3),(150526,150500,'扎鲁特旗',3),(150581,150500,'霍林郭勒市',3),(150600,150000,'鄂尔多斯市',2),(150601,150600,'市辖区',3),(150602,150600,'东胜区',3),(150603,150600,'康巴什区',3),(150621,150600,'达拉特旗',3),(150622,150600,'准格尔旗',3),(150623,150600,'鄂托克前旗',3),(150624,150600,'鄂托克旗',3),(150625,150600,'杭锦旗',3),(150626,150600,'乌审旗',3),(150627,150600,'伊金霍洛旗',3),(150700,150000,'呼伦贝尔市',2),(150701,150700,'市辖区',3),(150702,150700,'海拉尔区',3),(150703,150700,'扎赉诺尔区',3),(150721,150700,'阿荣旗',3),(150722,150700,'莫力达瓦达斡尔族自治旗',3),(150723,150700,'鄂伦春自治旗',3),(150724,150700,'鄂温克族自治旗',3),(150725,150700,'陈巴尔虎旗',3),(150726,150700,'新巴尔虎左旗',3),(150727,150700,'新巴尔虎右旗',3),(150781,150700,'满洲里市',3),(150782,150700,'牙克石市',3),(150783,150700,'扎兰屯市',3),(150784,150700,'额尔古纳市',3),(150785,150700,'根河市',3),(150800,150000,'巴彦淖尔市',2),(150801,150800,'市辖区',3),(150802,150800,'临河区',3),(150821,150800,'五原县',3),(150822,150800,'磴口县',3),(150823,150800,'乌拉特前旗',3),(150824,150800,'乌拉特中旗',3),(150825,150800,'乌拉特后旗',3),(150826,150800,'杭锦后旗',3),(150900,150000,'乌兰察布市',2),(150901,150900,'市辖区',3),(150902,150900,'集宁区',3),(150921,150900,'卓资县',3),(150922,150900,'化德县',3),(150923,150900,'商都县',3),(150924,150900,'兴和县',3),(150925,150900,'凉城县',3),(150926,150900,'察哈尔右翼前旗',3),(150927,150900,'察哈尔右翼中旗',3),(150928,150900,'察哈尔右翼后旗',3),(150929,150900,'四子王旗',3),(150981,150900,'丰镇市',3),(152200,150000,'兴安盟',2),(152201,152200,'乌兰浩特市',3),(152202,152200,'阿尔山市',3),(152221,152200,'科尔沁右翼前旗',3),(152222,152200,'科尔沁右翼中旗',3),(152223,152200,'扎赉特旗',3),(152224,152200,'突泉县',3),(152500,150000,'锡林郭勒盟',2),(152501,152500,'二连浩特市',3),(152502,152500,'锡林浩特市',3),(152522,152500,'阿巴嘎旗',3),(152523,152500,'苏尼特左旗',3),(152524,152500,'苏尼特右旗',3),(152525,152500,'东乌珠穆沁旗',3),(152526,152500,'西乌珠穆沁旗',3),(152527,152500,'太仆寺旗',3),(152528,152500,'镶黄旗',3),(152529,152500,'正镶白旗',3),(152530,152500,'正蓝旗',3),(152531,152500,'多伦县',3),(152900,150000,'阿拉善盟',3),(152921,152900,'阿拉善左旗',3),(152922,152900,'阿拉善右旗',3),(152923,152900,'额济纳旗',3),(210000,0,'辽宁省',1),(210100,210000,'沈阳市',2),(210101,210100,'市辖区',3),(210102,210100,'和平区',3),(210103,210100,'沈河区',3),(210104,210100,'大东区',3),(210105,210100,'皇姑区',3),(210106,210100,'铁西区',3),(210111,210100,'苏家屯区',3),(210112,210100,'浑南区',3),(210113,210100,'沈北新区',3),(210114,210100,'于洪区',3),(210115,210100,'辽中区',3),(210123,210100,'康平县',3),(210124,210100,'法库县',3),(210181,210100,'新民市',3),(210200,210000,'大连市',2),(210201,210200,'市辖区',3),(210202,210200,'中山区',3),(210203,210200,'西岗区',3),(210204,210200,'沙河口区',3),(210211,210200,'甘井子区',3),(210212,210200,'旅顺口区',3),(210213,210200,'金州区',3),(210214,210200,'普兰店区',3),(210224,210200,'长海县',3),(210281,210200,'瓦房店市',3),(210283,210200,'庄河市',3),(210300,210000,'鞍山市',2),(210301,210300,'市辖区',3),(210302,210300,'铁东区',3),(210303,210300,'铁西区',3),(210304,210300,'立山区',3),(210311,210300,'千山区',3),(210321,210300,'台安县',3),(210323,210300,'岫岩满族自治县',3),(210381,210300,'海城市',3),(210400,210000,'抚顺市',2),(210401,210400,'市辖区',3),(210402,210400,'新抚区',3),(210403,210400,'东洲区',3),(210404,210400,'望花区',3),(210411,210400,'顺城区',3),(210421,210400,'抚顺县',3),(210422,210400,'新宾满族自治县',3),(210423,210400,'清原满族自治县',3),(210500,210000,'本溪市',2),(210501,210500,'市辖区',3),(210502,210500,'平山区',3),(210503,210500,'溪湖区',3),(210504,210500,'明山区',3),(210505,210500,'南芬区',3),(210521,210500,'本溪满族自治县',3),(210522,210500,'桓仁满族自治县',3),(210600,210000,'丹东市',2),(210601,210600,'市辖区',3),(210602,210600,'元宝区',3),(210603,210600,'振兴区',3),(210604,210600,'振安区',3),(210624,210600,'宽甸满族自治县',3),(210681,210600,'东港市',3),(210682,210600,'凤城市',3),(210700,210000,'锦州市',2),(210701,210700,'市辖区',3),(210702,210700,'古塔区',3),(210703,210700,'凌河区',3),(210711,210700,'太和区',3),(210726,210700,'黑山县',3),(210727,210700,'义县',3),(210781,210700,'凌海市',3),(210782,210700,'北镇市',3),(210800,210000,'营口市',2),(210801,210800,'市辖区',3),(210802,210800,'站前区',3),(210803,210800,'西市区',3),(210804,210800,'鲅鱼圈区',3),(210811,210800,'老边区',3),(210881,210800,'盖州市',3),(210882,210800,'大石桥市',3),(210900,210000,'阜新市',2),(210901,210900,'市辖区',3),(210902,210900,'海州区',3),(210903,210900,'新邱区',3),(210904,210900,'太平区',3),(210905,210900,'清河门区',3),(210911,210900,'细河区',3),(210921,210900,'阜新蒙古族自治县',3),(210922,210900,'彰武县',3),(211000,210000,'辽阳市',2),(211001,211000,'市辖区',3),(211002,211000,'白塔区',3),(211003,211000,'文圣区',3),(211004,211000,'宏伟区',3),(211005,211000,'弓长岭区',3),(211011,211000,'太子河区',3),(211021,211000,'辽阳县',3),(211081,211000,'灯塔市',3),(211100,210000,'盘锦市',2),(211101,211100,'市辖区',3),(211102,211100,'双台子区',3),(211103,211100,'兴隆台区',3),(211104,211100,'大洼区',3),(211122,211100,'盘山县',3),(211200,210000,'铁岭市',2),(211201,211200,'市辖区',3),(211202,211200,'银州区',3),(211204,211200,'清河区',3),(211221,211200,'铁岭县',3),(211223,211200,'西丰县',3),(211224,211200,'昌图县',3),(211281,211200,'调兵山市',3),(211282,211200,'开原市',3),(211300,210000,'朝阳市',2),(211301,211300,'市辖区',3),(211302,211300,'双塔区',3),(211303,211300,'龙城区',3),(211321,211300,'朝阳县',3),(211322,211300,'建平县',3),(211324,211300,'喀喇沁左翼蒙古族自治县',3),(211381,211300,'北票市',3),(211382,211300,'凌源市',3),(211400,210000,'葫芦岛市',2),(211401,211400,'市辖区',3),(211402,211400,'连山区',3),(211403,211400,'龙港区',3),(211404,211400,'南票区',3),(211421,211400,'绥中县',3),(211422,211400,'建昌县',3),(211481,211400,'兴城市',3),(220000,0,'吉林省',1),(220100,220000,'长春市',2),(220101,220100,'市辖区',3),(220102,220100,'南关区',3),(220103,220100,'宽城区',3),(220104,220100,'朝阳区',3),(220105,220100,'二道区',3),(220106,220100,'绿园区',3),(220112,220100,'双阳区',3),(220113,220100,'九台区',3),(220122,220100,'农安县',3),(220182,220100,'榆树市',3),(220183,220100,'德惠市',3),(220200,220000,'吉林市',2),(220201,220200,'市辖区',3),(220202,220200,'昌邑区',3),(220203,220200,'龙潭区',3),(220204,220200,'船营区',3),(220211,220200,'丰满区',3),(220221,220200,'永吉县',3),(220281,220200,'蛟河市',3),(220282,220200,'桦甸市',3),(220283,220200,'舒兰市',3),(220284,220200,'磐石市',3),(220300,220000,'四平市',2),(220301,220300,'市辖区',3),(220302,220300,'铁西区',3),(220303,220300,'铁东区',3),(220322,220300,'梨树县',3),(220323,220300,'伊通满族自治县',3),(220381,220300,'公主岭市',3),(220382,220300,'双辽市',3),(220400,220000,'辽源市',2),(220401,220400,'市辖区',3),(220402,220400,'龙山区',3),(220403,220400,'西安区',3),(220421,220400,'东丰县',3),(220422,220400,'东辽县',3),(220500,220000,'通化市',2),(220501,220500,'市辖区',3),(220502,220500,'东昌区',3),(220503,220500,'二道江区',3),(220521,220500,'通化县',3),(220523,220500,'辉南县',3),(220524,220500,'柳河县',3),(220581,220500,'梅河口市',3),(220582,220500,'集安市',3),(220600,220000,'白山市',2),(220601,220600,'市辖区',3),(220602,220600,'浑江区',3),(220605,220600,'江源区',3),(220621,220600,'抚松县',3),(220622,220600,'靖宇县',3),(220623,220600,'长白朝鲜族自治县',3),(220681,220600,'临江市',3),(220700,220000,'松原市',2),(220701,220700,'市辖区',3),(220702,220700,'宁江区',3),(220721,220700,'前郭尔罗斯蒙古族自治县',3),(220722,220700,'长岭县',3),(220723,220700,'乾安县',3),(220781,220700,'扶余市',3),(220800,220000,'白城市',2),(220801,220800,'市辖区',3),(220802,220800,'洮北区',3),(220821,220800,'镇赉县',3),(220822,220800,'通榆县',3),(220881,220800,'洮南市',3),(220882,220800,'大安市',3),(222400,220000,'延边朝鲜族自治州',2),(222401,222400,'延吉市',3),(222402,222400,'图们市',3),(222403,222400,'敦化市',3),(222404,222400,'珲春市',3),(222405,222400,'龙井市',3),(222406,222400,'和龙市',3),(222424,222400,'汪清县',3),(222426,222400,'安图县',3),(230000,0,'黑龙江省',1),(230100,230000,'哈尔滨市',2),(230101,230100,'市辖区',3),(230102,230100,'道里区',3),(230103,230100,'南岗区',3),(230104,230100,'道外区',3),(230108,230100,'平房区',3),(230109,230100,'松北区',3),(230110,230100,'香坊区',3),(230111,230100,'呼兰区',3),(230112,230100,'阿城区',3),(230113,230100,'双城区',3),(230123,230100,'依兰县',3),(230124,230100,'方正县',3),(230125,230100,'宾县',3),(230126,230100,'巴彦县',3),(230127,230100,'木兰县',3),(230128,230100,'通河县',3),(230129,230100,'延寿县',3),(230183,230100,'尚志市',3),(230184,230100,'五常市',3),(230200,230000,'齐齐哈尔市',2),(230201,230200,'市辖区',3),(230202,230200,'龙沙区',3),(230203,230200,'建华区',3),(230204,230200,'铁锋区',3),(230205,230200,'昂昂溪区',3),(230206,230200,'富拉尔基区',3),(230207,230200,'碾子山区',3),(230208,230200,'梅里斯达斡尔族区',3),(230221,230200,'龙江县',3),(230223,230200,'依安县',3),(230224,230200,'泰来县',3),(230225,230200,'甘南县',3),(230227,230200,'富裕县',3),(230229,230200,'克山县',3),(230230,230200,'克东县',3),(230231,230200,'拜泉县',3),(230281,230200,'讷河市',3),(230300,230000,'鸡西市',2),(230301,230300,'市辖区',3),(230302,230300,'鸡冠区',3),(230303,230300,'恒山区',3),(230304,230300,'滴道区',3),(230305,230300,'梨树区',3),(230306,230300,'城子河区',3),(230307,230300,'麻山区',3),(230321,230300,'鸡东县',3),(230381,230300,'虎林市',3),(230382,230300,'密山市',3),(230400,230000,'鹤岗市',2),(230401,230400,'市辖区',3),(230402,230400,'向阳区',3),(230403,230400,'工农区',3),(230404,230400,'南山区',3),(230405,230400,'兴安区',3),(230406,230400,'东山区',3),(230407,230400,'兴山区',3),(230421,230400,'萝北县',3),(230422,230400,'绥滨县',3),(230500,230000,'双鸭山市',2),(230501,230500,'市辖区',3),(230502,230500,'尖山区',3),(230503,230500,'岭东区',3),(230505,230500,'四方台区',3),(230506,230500,'宝山区',3),(230521,230500,'集贤县',3),(230522,230500,'友谊县',3),(230523,230500,'宝清县',3),(230524,230500,'饶河县',3),(230600,230000,'大庆市',2),(230601,230600,'市辖区',3),(230602,230600,'萨尔图区',3),(230603,230600,'龙凤区',3),(230604,230600,'让胡路区',3),(230605,230600,'红岗区',3),(230606,230600,'大同区',3),(230621,230600,'肇州县',3),(230622,230600,'肇源县',3),(230623,230600,'林甸县',3),(230624,230600,'杜尔伯特蒙古族自治县',3),(230700,230000,'伊春市',2),(230701,230700,'市辖区',3),(230702,230700,'伊春区',3),(230703,230700,'南岔区',3),(230704,230700,'友好区',3),(230705,230700,'西林区',3),(230706,230700,'翠峦区',3),(230707,230700,'新青区',3),(230708,230700,'美溪区',3),(230709,230700,'金山屯区',3),(230710,230700,'五营区',3),(230711,230700,'乌马河区',3),(230712,230700,'汤旺河区',3),(230713,230700,'带岭区',3),(230714,230700,'乌伊岭区',3),(230715,230700,'红星区',3),(230716,230700,'上甘岭区',3),(230722,230700,'嘉荫县',3),(230781,230700,'铁力市',3),(230800,230000,'佳木斯市',2),(230801,230800,'市辖区',3),(230803,230800,'向阳区',3),(230804,230800,'前进区',3),(230805,230800,'东风区',3),(230811,230800,'郊区',3),(230822,230800,'桦南县',3),(230826,230800,'桦川县',3),(230828,230800,'汤原县',3),(230881,230800,'同江市',3),(230882,230800,'富锦市',3),(230883,230800,'抚远市',3),(230900,230000,'七台河市',2),(230901,230900,'市辖区',3),(230902,230900,'新兴区',3),(230903,230900,'桃山区',3),(230904,230900,'茄子河区',3),(230921,230900,'勃利县',3),(231000,230000,'牡丹江市',2),(231001,231000,'市辖区',3),(231002,231000,'东安区',3),(231003,231000,'阳明区',3),(231004,231000,'爱民区',3),(231005,231000,'西安区',3),(231025,231000,'林口县',3),(231081,231000,'绥芬河市',3),(231083,231000,'海林市',3),(231084,231000,'宁安市',3),(231085,231000,'穆棱市',3),(231086,231000,'东宁市',3),(231100,230000,'黑河市',2),(231101,231100,'市辖区',3),(231102,231100,'爱辉区',3),(231121,231100,'嫩江县',3),(231123,231100,'逊克县',3),(231124,231100,'孙吴县',3),(231181,231100,'北安市',3),(231182,231100,'五大连池市',3),(231200,230000,'绥化市',2),(231201,231200,'市辖区',3),(231202,231200,'北林区',3),(231221,231200,'望奎县',3),(231222,231200,'兰西县',3),(231223,231200,'青冈县',3),(231224,231200,'庆安县',3),(231225,231200,'明水县',3),(231226,231200,'绥棱县',3),(231281,231200,'安达市',3),(231282,231200,'肇东市',3),(231283,231200,'海伦市',3),(232700,230000,'大兴安岭地区',2),(232705,231300,'漠河市',3),(232721,231300,'呼玛县',3),(232722,231300,'塔河县',3),(310000,0,'上海市',1),(310100,310000,'市辖区',2),(310101,310100,'黄浦区',3),(310104,310100,'徐汇区',3),(310105,310100,'长宁区',3),(310106,310100,'静安区',3),(310107,310100,'普陀区',3),(310109,310100,'虹口区',3),(310110,310100,'杨浦区',3),(310112,310100,'闵行区',3),(310113,310100,'宝山区',3),(310114,310100,'嘉定区',3),(310115,310100,'浦东新区',3),(310116,310100,'金山区',3),(310117,310100,'松江区',3),(310118,310100,'青浦区',3),(310120,310100,'奉贤区',3),(310151,310100,'崇明区',3),(320000,0,'江苏省',1),(320100,320000,'南京市',2),(320101,320100,'市辖区',3),(320102,320100,'玄武区',3),(320104,320100,'秦淮区',3),(320105,320100,'建邺区',3),(320106,320100,'鼓楼区',3),(320111,320100,'浦口区',3),(320113,320100,'栖霞区',3),(320114,320100,'雨花台区',3),(320115,320100,'江宁区',3),(320116,320100,'六合区',3),(320117,320100,'溧水区',3),(320118,320100,'高淳区',3),(320200,320000,'无锡市',2),(320201,320200,'市辖区',3),(320205,320200,'锡山区',3),(320206,320200,'惠山区',3),(320211,320200,'滨湖区',3),(320213,320200,'梁溪区',3),(320214,320200,'新吴区',3),(320281,320200,'江阴市',3),(320282,320200,'宜兴市',3),(320300,320000,'徐州市',2),(320301,320300,'市辖区',3),(320302,320300,'鼓楼区',3),(320303,320300,'云龙区',3),(320305,320300,'贾汪区',3),(320311,320300,'泉山区',3),(320312,320300,'铜山区',3),(320321,320300,'丰县',3),(320322,320300,'沛县',3),(320324,320300,'睢宁县',3),(320381,320300,'新沂市',3),(320382,320300,'邳州市',3),(320400,320000,'常州市',2),(320401,320400,'市辖区',3),(320402,320400,'天宁区',3),(320404,320400,'钟楼区',3),(320411,320400,'新北区',3),(320412,320400,'武进区',3),(320413,320400,'金坛区',3),(320481,320400,'溧阳市',3),(320500,320000,'苏州市',2),(320501,320500,'市辖区',3),(320505,320500,'虎丘区',3),(320506,320500,'吴中区',3),(320507,320500,'相城区',3),(320508,320500,'姑苏区',3),(320509,320500,'吴江区',3),(320581,320500,'常熟市',3),(320582,320500,'张家港市',3),(320583,320500,'昆山市',3),(320585,320500,'太仓市',3),(320600,320000,'南通市',2),(320601,320600,'市辖区',3),(320602,320600,'崇川区',3),(320611,320600,'港闸区',3),(320612,320600,'通州区',3),(320623,320600,'如东县',3),(320681,320600,'启东市',3),(320682,320600,'如皋市',3),(320684,320600,'海门市',3),(320685,320600,'海安市',3),(320700,320000,'连云港市',2),(320701,320700,'市辖区',3),(320703,320700,'连云区',3),(320706,320700,'海州区',3),(320707,320700,'赣榆区',3),(320722,320700,'东海县',3),(320723,320700,'灌云县',3),(320724,320700,'灌南县',3),(320800,320000,'淮安市',2),(320801,320800,'市辖区',3),(320803,320800,'淮安区',3),(320804,320800,'淮阴区',3),(320812,320800,'清江浦',3),(320813,320800,'洪泽区',3),(320826,320800,'涟水县',3),(320830,320800,'盱眙县',3),(320831,320800,'金湖县',3),(320900,320000,'盐城市',2),(320901,320900,'市辖区',3),(320902,320900,'亭湖区',3),(320903,320900,'盐都区',3),(320904,320900,'大丰区',3),(320921,320900,'响水县',3),(320922,320900,'滨海县',3),(320923,320900,'阜宁县',3),(320924,320900,'射阳县',3),(320925,320900,'建湖县',3),(320981,320900,'东台市',3),(321000,320000,'扬州市',2),(321001,321000,'市辖区',3),(321002,321000,'广陵区',3),(321003,321000,'邗江区',3),(321012,321000,'江都区',3),(321023,321000,'宝应县',3),(321081,321000,'仪征市',3),(321084,321000,'高邮市',3),(321100,320000,'镇江市',2),(321101,321100,'市辖区',3),(321102,321100,'京口区',3),(321111,321100,'润州区',3),(321112,321100,'丹徒区',3),(321181,321100,'丹阳市',3),(321182,321100,'扬中市',3),(321183,321100,'句容市',3),(321200,320000,'泰州市',2),(321201,321200,'市辖区',3),(321202,321200,'海陵区',3),(321203,321200,'高港区',3),(321204,321200,'姜堰区',3),(321281,321200,'兴化市',3),(321282,321200,'靖江市',3),(321283,321200,'泰兴市',3),(321300,320000,'宿迁市',2),(321301,321300,'市辖区',3),(321302,321300,'宿城区',3),(321311,321300,'宿豫区',3),(321322,321300,'沭阳县',3),(321323,321300,'泗阳县',3),(321324,321300,'泗洪县',3),(330000,0,'浙江省',1),(330100,330000,'杭州市',2),(330101,330100,'市辖区',3),(330102,330100,'上城区',3),(330103,330100,'下城区',3),(330104,330100,'江干区',3),(330105,330100,'拱墅区',3),(330106,330100,'西湖区',3),(330108,330100,'滨江区',3),(330109,330100,'萧山区',3),(330110,330100,'余杭区',3),(330111,330100,'富阳区',3),(330112,330100,'临安区',3),(330122,330100,'桐庐县',3),(330127,330100,'淳安县',3),(330182,330100,'建德市',3),(330200,330000,'宁波市',2),(330201,330200,'市辖区',3),(330203,330200,'海曙区',3),(330205,330200,'江北区',3),(330206,330200,'北仑区',3),(330211,330200,'镇海区',3),(330212,330200,'鄞州区',3),(330213,330200,'奉化区',3),(330225,330200,'象山县',3),(330226,330200,'宁海县',3),(330281,330200,'余姚市',3),(330282,330200,'慈溪市',3),(330300,330000,'温州市',2),(330301,330300,'市辖区',3),(330302,330300,'鹿城区',3),(330303,330300,'龙湾区',3),(330304,330300,'瓯海区',3),(330305,330300,'洞头区',3),(330324,330300,'永嘉县',3),(330326,330300,'平阳县',3),(330327,330300,'苍南县',3),(330328,330300,'文成县',3),(330329,330300,'泰顺县',3),(330381,330300,'瑞安市',3),(330382,330300,'乐清市',3),(330400,330000,'嘉兴市',2),(330401,330400,'市辖区',3),(330402,330400,'南湖区',3),(330411,330400,'秀洲区',3),(330421,330400,'嘉善县',3),(330424,330400,'海盐县',3),(330481,330400,'海宁市',3),(330482,330400,'平湖市',3),(330483,330400,'桐乡市',3),(330500,330000,'湖州市',2),(330501,330500,'市辖区',3),(330502,330500,'吴兴区',3),(330503,330500,'南浔区',3),(330521,330500,'德清县',3),(330522,330500,'长兴县',3),(330523,330500,'安吉县',3),(330600,330000,'绍兴市',2),(330601,330600,'市辖区',3),(330602,330600,'越城区',3),(330603,330600,'柯桥区',3),(330604,330600,'上虞区',3),(330624,330600,'新昌县',3),(330681,330600,'诸暨市',3),(330683,330600,'嵊州市',3),(330700,330000,'金华市',2),(330701,330700,'市辖区',3),(330702,330700,'婺城区',3),(330703,330700,'金东区',3),(330723,330700,'武义县',3),(330726,330700,'浦江县',3),(330727,330700,'磐安县',3),(330781,330700,'兰溪市',3),(330782,330700,'义乌市',3),(330783,330700,'东阳市',3),(330784,330700,'永康市',3),(330800,330000,'衢州市',2),(330801,330800,'市辖区',3),(330802,330800,'柯城区',3),(330803,330800,'衢江区',3),(330822,330800,'常山县',3),(330824,330800,'开化县',3),(330825,330800,'龙游县',3),(330881,330800,'江山市',3),(330900,330000,'舟山市',2),(330901,330900,'市辖区',3),(330902,330900,'定海区',3),(330903,330900,'普陀区',3),(330921,330900,'岱山县',3),(330922,330900,'嵊泗县',3),(331000,330000,'台州市',2),(331001,331000,'市辖区',3),(331002,331000,'椒江区',3),(331003,331000,'黄岩区',3),(331004,331000,'路桥区',3),(331022,331000,'三门县',3),(331023,331000,'天台县',3),(331024,331000,'仙居县',3),(331081,331000,'温岭市',3),(331082,331000,'临海市',3),(331083,331000,'玉环市',3),(331100,330000,'丽水市',2),(331101,331100,'市辖区',3),(331102,331100,'莲都区',3),(331121,331100,'青田县',3),(331122,331100,'缙云县',3),(331123,331100,'遂昌县',3),(331124,331100,'松阳县',3),(331125,331100,'云和县',3),(331126,331100,'庆元县',3),(331127,331100,'景宁畲族自治县',3),(331181,331100,'龙泉市',3),(340000,0,'安徽省',1),(340100,340000,'合肥市',2),(340101,340100,'市辖区',3),(340102,340100,'瑶海区',3),(340103,340100,'庐阳区',3),(340104,340100,'蜀山区',3),(340111,340100,'包河区',3),(340121,340100,'长丰县',3),(340122,340100,'肥东县',3),(340123,340100,'肥西县',3),(340124,340100,'庐江县',3),(340181,340100,'巢湖市',3),(340200,340000,'芜湖市',2),(340201,340200,'市辖区',3),(340202,340200,'镜湖区',3),(340203,340200,'弋江区',3),(340207,340200,'鸠江区',3),(340208,340200,'三山区',3),(340221,340200,'芜湖县',3),(340222,340200,'繁昌县',3),(340223,340200,'南陵县',3),(340225,340200,'无为县',3),(340300,340000,'蚌埠市',2),(340301,340300,'市辖区',3),(340302,340300,'龙子湖区',3),(340303,340300,'蚌山区',3),(340304,340300,'禹会区',3),(340311,340300,'淮上区',3),(340321,340300,'怀远县',3),(340322,340300,'五河县',3),(340323,340300,'固镇县',3),(340400,340000,'淮南市',2),(340401,340400,'市辖区',3),(340402,340400,'大通区',3),(340403,340400,'田家庵区',3),(340404,340400,'谢家集区',3),(340405,340400,'八公山区',3),(340406,340400,'潘集区',3),(340421,340400,'凤台县',3),(340422,340400,'寿县',3),(340500,340000,'马鞍山市',2),(340501,340500,'市辖区',3),(340503,340500,'花山区',3),(340504,340500,'雨山区',3),(340506,340500,'博望区',3),(340521,340500,'当涂县',3),(340522,340500,'含山县',3),(340523,340500,'和县',3),(340600,340000,'淮北市',2),(340601,340600,'市辖区',3),(340602,340600,'杜集区',3),(340603,340600,'相山区',3),(340604,340600,'烈山区',3),(340621,340600,'濉溪县',3),(340700,340000,'铜陵市',2),(340701,340700,'市辖区',3),(340705,340700,'铜官区',3),(340706,340700,'义安区',3),(340711,340700,'郊区',3),(340722,340700,'枞阳县',3),(340800,340000,'安庆市',2),(340801,340800,'市辖区',3),(340802,340800,'迎江区',3),(340803,340800,'大观区',3),(340811,340800,'宜秀区',3),(340822,340800,'怀宁县',3),(340825,340800,'太湖县',3),(340826,340800,'宿松县',3),(340827,340800,'望江县',3),(340828,340800,'岳西县',3),(340881,340800,'桐城市',3),(340882,340800,'潜山市',3),(341000,340000,'黄山市',2),(341001,341000,'市辖区',3),(341002,341000,'屯溪区',3),(341003,341000,'黄山区',3),(341004,341000,'徽州区',3),(341021,341000,'歙县',3),(341022,341000,'休宁县',3),(341023,341000,'黟县',3),(341024,341000,'祁门县',3),(341100,340000,'滁州市',2),(341101,341100,'市辖区',3),(341102,341100,'琅琊区',3),(341103,341100,'南谯区',3),(341122,341100,'来安县',3),(341124,341100,'全椒县',3),(341125,341100,'定远县',3),(341126,341100,'凤阳县',3),(341181,341100,'天长市',3),(341182,341100,'明光市',3),(341200,340000,'阜阳市',2),(341201,341200,'市辖区',3),(341202,341200,'颍州区',3),(341203,341200,'颍东区',3),(341204,341200,'颍泉区',3),(341221,341200,'临泉县',3),(341222,341200,'太和县',3),(341225,341200,'阜南县',3),(341226,341200,'颍上县',3),(341282,341200,'界首市',3),(341300,340000,'宿州市',2),(341301,341300,'市辖区',3),(341302,341300,'埇桥区',3),(341321,341300,'砀山县',3),(341322,341300,'萧县',3),(341323,341300,'灵璧县',3),(341324,341300,'泗县',3),(341500,340000,'六安市',2),(341501,341400,'市辖区',3),(341502,341400,'金安区',3),(341503,341400,'裕安区',3),(341504,341400,'叶集区',3),(341522,341400,'霍邱县',3),(341523,341400,'舒城县',3),(341524,341400,'金寨县',3),(341525,341400,'霍山县',3),(341600,340000,'亳州市',2),(341601,341600,'市辖区',3),(341602,341600,'谯城区',3),(341621,341600,'涡阳县',3),(341622,341600,'蒙城县',3),(341623,341600,'利辛县',3),(341700,340000,'池州市',2),(341701,341700,'市辖区',3),(341702,341700,'贵池区',3),(341721,341700,'东至县',3),(341722,341700,'石台县',3),(341723,341700,'青阳县',3),(341800,340000,'宣城市',2),(341801,341800,'市辖区',3),(341802,341800,'宣州区',3),(341821,341800,'郎溪县',3),(341822,341800,'广德县',3),(341823,341800,'泾县',3),(341824,341800,'绩溪县',3),(341825,341800,'旌德县',3),(341881,341800,'宁国市',3),(350000,0,'福建省',1),(350100,350000,'福州市',2),(350101,350100,'市辖区',3),(350102,350100,'鼓楼区',3),(350103,350100,'台江区',3),(350104,350100,'仓山区',3),(350105,350100,'马尾区',3),(350111,350100,'晋安区',3),(350112,350100,'长乐区',3),(350121,350100,'闽侯县',3),(350122,350100,'连江县',3),(350123,350100,'罗源县',3),(350124,350100,'闽清县',3),(350125,350100,'永泰县',3),(350128,350100,'平潭县',3),(350181,350100,'福清市',3),(350200,350000,'厦门市',2),(350201,350200,'市辖区',3),(350203,350200,'思明区',3),(350205,350200,'海沧区',3),(350206,350200,'湖里区',3),(350211,350200,'集美区',3),(350212,350200,'同安区',3),(350213,350200,'翔安区',3),(350300,350000,'莆田市',2),(350301,350300,'市辖区',3),(350302,350300,'城厢区',3),(350303,350300,'涵江区',3),(350304,350300,'荔城区',3),(350305,350300,'秀屿区',3),(350322,350300,'仙游县',3),(350400,350000,'三明市',2),(350401,350400,'市辖区',3),(350402,350400,'梅列区',3),(350403,350400,'三元区',3),(350421,350400,'明溪县',3),(350423,350400,'清流县',3),(350424,350400,'宁化县',3),(350425,350400,'大田县',3),(350426,350400,'尤溪县',3),(350427,350400,'沙县',3),(350428,350400,'将乐县',3),(350429,350400,'泰宁县',3),(350430,350400,'建宁县',3),(350481,350400,'永安市',3),(350500,350000,'泉州市',2),(350501,350500,'市辖区',3),(350502,350500,'鲤城区',3),(350503,350500,'丰泽区',3),(350504,350500,'洛江区',3),(350505,350500,'泉港区',3),(350521,350500,'惠安县',3),(350524,350500,'安溪县',3),(350525,350500,'永春县',3),(350526,350500,'德化县',3),(350527,350500,'金门县',3),(350581,350500,'石狮市',3),(350582,350500,'晋江市',3),(350583,350500,'南安市',3),(350600,350000,'漳州市',2),(350601,350600,'市辖区',3),(350602,350600,'芗城区',3),(350603,350600,'龙文区',3),(350622,350600,'云霄县',3),(350623,350600,'漳浦县',3),(350624,350600,'诏安县',3),(350625,350600,'长泰县',3),(350626,350600,'东山县',3),(350627,350600,'南靖县',3),(350628,350600,'平和县',3),(350629,350600,'华安县',3),(350681,350600,'龙海市',3),(350700,350000,'南平市',2),(350701,350700,'市辖区',3),(350702,350700,'延平区',3),(350703,350700,'建阳区',3),(350721,350700,'顺昌县',3),(350722,350700,'浦城县',3),(350723,350700,'光泽县',3),(350724,350700,'松溪县',3),(350725,350700,'政和县',3),(350781,350700,'邵武市',3),(350782,350700,'武夷山市',3),(350783,350700,'建瓯市',3),(350800,350000,'龙岩市',2),(350801,350800,'市辖区',3),(350802,350800,'新罗区',3),(350803,350800,'永定区',3),(350821,350800,'长汀县',3),(350823,350800,'上杭县',3),(350824,350800,'武平县',3),(350825,350800,'连城县',3),(350881,350800,'漳平市',3),(350900,350000,'宁德市',2),(350901,350900,'市辖区',3),(350902,350900,'蕉城区',3),(350921,350900,'霞浦县',3),(350922,350900,'古田县',3),(350923,350900,'屏南县',3),(350924,350900,'寿宁县',3),(350925,350900,'周宁县',3),(350926,350900,'柘荣县',3),(350981,350900,'福安市',3),(350982,350900,'福鼎市',3),(360000,0,'江西省',1),(360100,360000,'南昌市',2),(360101,360100,'市辖区',3),(360102,360100,'东湖区',3),(360103,360100,'西湖区',3),(360104,360100,'青云谱区',3),(360105,360100,'湾里区',3),(360111,360100,'青山湖区',3),(360112,360100,'新建区',3),(360121,360100,'南昌县',3),(360123,360100,'安义县',3),(360124,360100,'进贤县',3),(360200,360000,'景德镇市',2),(360201,360200,'市辖区',3),(360202,360200,'昌江区',3),(360203,360200,'珠山区',3),(360222,360200,'浮梁县',3),(360281,360200,'乐平市',3),(360300,360000,'萍乡市',2),(360301,360300,'市辖区',3),(360302,360300,'安源区',3),(360313,360300,'湘东区',3),(360321,360300,'莲花县',3),(360322,360300,'上栗县',3),(360323,360300,'芦溪县',3),(360400,360000,'九江市',2),(360401,360400,'市辖区',3),(360402,360400,'濂溪区',3),(360403,360400,'浔阳区',3),(360404,360400,'柴桑区',3),(360423,360400,'武宁县',3),(360424,360400,'修水县',3),(360425,360400,'永修县',3),(360426,360400,'德安县',3),(360428,360400,'都昌县',3),(360429,360400,'湖口县',3),(360430,360400,'彭泽县',3),(360481,360400,'瑞昌市',3),(360482,360400,'共青城市',3),(360483,360400,'庐山市',3),(360500,360000,'新余市',2),(360501,360500,'市辖区',3),(360502,360500,'渝水区',3),(360521,360500,'分宜县',3),(360600,360000,'鹰潭市',2),(360601,360600,'市辖区',3),(360602,360600,'月湖区',3),(360603,360600,'余江区',3),(360681,360600,'贵溪市',3),(360700,360000,'赣州市',2),(360701,360700,'市辖区',3),(360702,360700,'章贡区',3),(360703,360700,'南康区',3),(360704,360700,'赣县区',3),(360722,360700,'信丰县',3),(360723,360700,'大余县',3),(360724,360700,'上犹县',3),(360725,360700,'崇义县',3),(360726,360700,'安远县',3),(360727,360700,'龙南县',3),(360728,360700,'定南县',3),(360729,360700,'全南县',3),(360730,360700,'宁都县',3),(360731,360700,'于都县',3),(360732,360700,'兴国县',3),(360733,360700,'会昌县',3),(360734,360700,'寻乌县',3),(360735,360700,'石城县',3),(360781,360700,'瑞金市',3),(360800,360000,'吉安市',2),(360801,360800,'市辖区',3),(360802,360800,'吉州区',3),(360803,360800,'青原区',3),(360821,360800,'吉安县',3),(360822,360800,'吉水县',3),(360823,360800,'峡江县',3),(360824,360800,'新干县',3),(360825,360800,'永丰县',3),(360826,360800,'泰和县',3),(360827,360800,'遂川县',3),(360828,360800,'万安县',3),(360829,360800,'安福县',3),(360830,360800,'永新县',3),(360881,360800,'井冈山市',3),(360900,360000,'宜春市',2),(360901,360900,'市辖区',3),(360902,360900,'袁州区',3),(360921,360900,'奉新县',3),(360922,360900,'万载县',3),(360923,360900,'上高县',3),(360924,360900,'宜丰县',3),(360925,360900,'靖安县',3),(360926,360900,'铜鼓县',3),(360981,360900,'丰城市',3),(360982,360900,'樟树市',3),(360983,360900,'高安市',3),(361000,360000,'抚州市',2),(361001,361000,'市辖区',3),(361002,361000,'临川区',3),(361003,361000,'东乡区',3),(361021,361000,'南城县',3),(361022,361000,'黎川县',3),(361023,361000,'南丰县',3),(361024,361000,'崇仁县',3),(361025,361000,'乐安县',3),(361026,361000,'宜黄县',3),(361027,361000,'金溪县',3),(361028,361000,'资溪县',3),(361030,361000,'广昌县',3),(361100,360000,'上饶市',3),(361101,361100,'市辖区',3),(361102,361100,'信州区',3),(361103,361100,'广丰区',3),(361121,361100,'上饶县',3),(361123,361100,'玉山县',3),(361124,361100,'铅山县',3),(361125,361100,'横峰县',3),(361126,361100,'弋阳县',3),(361127,361100,'余干县',3),(361128,361100,'鄱阳县',3),(361129,361100,'万年县',3),(361130,361100,'婺源县',3),(361181,361100,'德兴市',3),(370000,0,'山东省',1),(370100,370000,'济南市',2),(370101,370100,'市辖区',3),(370102,370100,'历下区',3),(370103,370100,'市中区',3),(370104,370100,'槐荫区',3),(370105,370100,'天桥区',3),(370112,370100,'历城区',3),(370113,370100,'长清区',3),(370114,370100,'章丘区',3),(370115,370100,'济阳区',3),(370124,370100,'平阴县',3),(370126,370100,'商河县',3),(370200,370000,'青岛市',2),(370201,370200,'市辖区',3),(370202,370200,'市南区',3),(370203,370200,'市北区',3),(370211,370200,'黄岛区',3),(370212,370200,'崂山区',3),(370213,370200,'李沧区',3),(370214,370200,'城阳区',3),(370215,370200,'即墨区',3),(370281,370200,'胶州市',3),(370283,370200,'平度市',3),(370285,370200,'莱西市',3),(370300,370000,'淄博市',2),(370301,370300,'市辖区',3),(370302,370300,'淄川区',3),(370303,370300,'张店区',3),(370304,370300,'博山区',3),(370305,370300,'临淄区',3),(370306,370300,'周村区',3),(370321,370300,'桓台县',3),(370322,370300,'高青县',3),(370323,370300,'沂源县',3),(370400,370000,'枣庄市',2),(370401,370400,'市辖区',3),(370402,370400,'市中区',3),(370403,370400,'薛城区',3),(370404,370400,'峄城区',3),(370405,370400,'台儿庄区',3),(370406,370400,'山亭区',3),(370481,370400,'滕州市',3),(370500,370000,'东营市',2),(370501,370500,'市辖区',3),(370502,370500,'东营区',3),(370503,370500,'河口区',3),(370505,370500,'垦利区',3),(370522,370500,'利津县',3),(370523,370500,'广饶县',3),(370600,370000,'烟台市',2),(370601,370600,'市辖区',3),(370602,370600,'芝罘区',3),(370611,370600,'福山区',3),(370612,370600,'牟平区',3),(370613,370600,'莱山区',3),(370634,370600,'长岛县',3),(370681,370600,'龙口市',3),(370682,370600,'莱阳市',3),(370683,370600,'莱州市',3),(370684,370600,'蓬莱市',3),(370685,370600,'招远市',3),(370686,370600,'栖霞市',3),(370687,370600,'海阳市',3),(370700,370000,'潍坊市',2),(370701,370700,'市辖区',3),(370702,370700,'潍城区',3),(370703,370700,'寒亭区',3),(370704,370700,'坊子区',3),(370705,370700,'奎文区',3),(370724,370700,'临朐县',3),(370725,370700,'昌乐县',3),(370781,370700,'青州市',3),(370782,370700,'诸城市',3),(370783,370700,'寿光市',3),(370784,370700,'安丘市',3),(370785,370700,'高密市',3),(370786,370700,'昌邑市',3),(370800,370000,'济宁市',2),(370801,370800,'市辖区',3),(370811,370800,'任城区',3),(370812,370800,'兖州区',3),(370826,370800,'微山县',3),(370827,370800,'鱼台县',3),(370828,370800,'金乡县',3),(370829,370800,'嘉祥县',3),(370830,370800,'汶上县',3),(370831,370800,'泗水县',3),(370832,370800,'梁山县',3),(370881,370800,'曲阜市',3),(370883,370800,'邹城市',3),(370900,370000,'泰安市',2),(370901,370900,'市辖区',3),(370902,370900,'泰山区',3),(370911,370900,'岱岳区',3),(370921,370900,'宁阳县',3),(370923,370900,'东平县',3),(370982,370900,'新泰市',3),(370983,370900,'肥城市',3),(371000,370000,'威海市',2),(371001,371000,'市辖区',3),(371002,371000,'环翠区',3),(371003,371000,'文登区',3),(371082,371000,'荣成市',3),(371083,371000,'乳山市',3),(371100,370000,'日照市',2),(371101,371100,'市辖区',3),(371102,371100,'东港区',3),(371103,371100,'岚山区',3),(371121,371100,'五莲县',3),(371122,371100,'莒县',3),(371200,370000,'莱芜市',2),(371201,371200,'市辖区',3),(371202,371200,'莱城区',3),(371203,371200,'钢城区',3),(371300,370000,'临沂市',2),(371301,371300,'市辖区',3),(371302,371300,'兰山区',3),(371311,371300,'罗庄区',3),(371312,371300,'河东区',3),(371321,371300,'沂南县',3),(371322,371300,'郯城县',3),(371323,371300,'沂水县',3),(371324,371300,'兰陵县',3),(371325,371300,'费县',3),(371326,371300,'平邑县',3),(371327,371300,'莒南县',3),(371328,371300,'蒙阴县',3),(371329,371300,'临沭县',3),(371400,370000,'德州市',2),(371401,371400,'市辖区',3),(371402,371400,'德城区',3),(371403,371400,'陵城区',3),(371422,371400,'宁津县',3),(371423,371400,'庆云县',3),(371424,371400,'临邑县',3),(371425,371400,'齐河县',3),(371426,371400,'平原县',3),(371427,371400,'夏津县',3),(371428,371400,'武城县',3),(371481,371400,'乐陵市',3),(371482,371400,'禹城市',3),(371500,370000,'聊城市',2),(371501,371500,'市辖区',3),(371502,371500,'东昌府区',3),(371521,371500,'阳谷县',3),(371522,371500,'莘县',3),(371523,371500,'茌平县',3),(371524,371500,'东阿县',3),(371525,371500,'冠县',3),(371526,371500,'高唐县',3),(371581,371500,'临清市',3),(371600,370000,'滨州市',2),(371601,371600,'市辖区',3),(371602,371600,'滨城区',3),(371603,371600,'沾化区',3),(371621,371600,'惠民县',3),(371622,371600,'阳信县',3),(371623,371600,'无棣县',3),(371625,371600,'博兴县',3),(371681,371600,'邹平市',3),(371700,370000,'菏泽市',2),(371701,371700,'市辖区',3),(371702,371700,'牡丹区',3),(371703,371700,'定陶区',3),(371721,371700,'曹县',3),(371722,371700,'单县',3),(371723,371700,'成武县',3),(371724,371700,'巨野县',3),(371725,371700,'郓城县',3),(371726,371700,'鄄城县',3),(371728,371700,'东明县',3),(410000,0,'河南省',1),(410100,410000,'郑州市',2),(410101,410100,'市辖区',3),(410102,410100,'中原区',3),(410103,410100,'二七区',3),(410104,410100,'管城回族区',3),(410105,410100,'金水区',3),(410106,410100,'上街区',3),(410108,410100,'惠济区',3),(410122,410100,'中牟县',3),(410181,410100,'巩义市',3),(410182,410100,'荥阳市',3),(410183,410100,'新密市',3),(410184,410100,'新郑市',3),(410185,410100,'登封市',3),(410200,410000,'开封市',2),(410201,410200,'市辖区',3),(410202,410200,'龙亭区',3),(410203,410200,'顺河回族区',3),(410204,410200,'鼓楼区',3),(410205,410200,'禹王台区',3),(410212,410200,'祥符区',3),(410221,410200,'杞县',3),(410222,410200,'通许县',3),(410223,410200,'尉氏县',3),(410225,410200,'兰考县',3),(410300,410200,'洛阳市',2),(410301,410000,'市辖区',3),(410302,410300,'老城区',3),(410303,410300,'西工区',3),(410304,410300,'瀍河回族区',3),(410305,410300,'涧西区',3),(410306,410300,'吉利区',3),(410311,410300,'洛龙区',3),(410322,410300,'孟津县',3),(410323,410300,'新安县',3),(410324,410300,'栾川县',3),(410325,410300,'嵩县',3),(410326,410300,'汝阳县',3),(410327,410300,'宜阳县',3),(410328,410300,'洛宁县',3),(410329,410300,'伊川县',3),(410381,410300,'偃师市',3),(410400,410000,'平顶山市',2),(410401,410400,'市辖区',3),(410402,410400,'新华区',3),(410403,410400,'卫东区',3),(410404,410400,'石龙区',3),(410411,410400,'湛河区',3),(410421,410400,'宝丰县',3),(410422,410400,'叶县',3),(410423,410400,'鲁山县',3),(410425,410400,'郏县',3),(410481,410400,'舞钢市',3),(410482,410400,'汝州市',3),(410500,410000,'安阳市',2),(410501,410500,'市辖区',3),(410502,410500,'文峰区',3),(410503,410500,'北关区',3),(410505,410500,'殷都区',3),(410506,410500,'龙安区',3),(410522,410500,'安阳县',3),(410523,410500,'汤阴县',3),(410526,410500,'滑县',3),(410527,410500,'内黄县',3),(410581,410500,'林州市',3),(410600,410000,'鹤壁市',2),(410601,410600,'市辖区',3),(410602,410600,'鹤山区',3),(410603,410600,'山城区',3),(410611,410600,'淇滨区',3),(410621,410600,'浚县',3),(410622,410600,'淇县',3),(410700,410000,'新乡市',2),(410701,410700,'市辖区',3),(410702,410700,'红旗区',3),(410703,410700,'卫滨区',3),(410704,410700,'凤泉区',3),(410711,410700,'牧野区',3),(410721,410700,'新乡县',3),(410724,410700,'获嘉县',3),(410725,410700,'原阳县',3),(410726,410700,'延津县',3),(410727,410700,'封丘县',3),(410728,410700,'长垣县',3),(410781,410700,'卫辉市',3),(410782,410700,'辉县市',3),(410800,410000,'焦作市',2),(410801,410800,'市辖区',3),(410802,410800,'解放区',3),(410803,410800,'中站区',3),(410804,410800,'马村区',3),(410811,410800,'山阳区',3),(410821,410800,'修武县',3),(410822,410800,'博爱县',3),(410823,410800,'武陟县',3),(410825,410800,'温县',3),(410882,410800,'沁阳市',3),(410883,410800,'孟州市',3),(410900,410000,'濮阳市',2),(410901,410900,'市辖区',3),(410902,410900,'华龙区',3),(410922,410900,'清丰县',3),(410923,410900,'南乐县',3),(410926,410900,'范县',3),(410927,410900,'台前县',3),(410928,410900,'濮阳县',3),(411000,410000,'许昌市',2),(411001,411000,'市辖区',3),(411002,411000,'魏都区',3),(411003,411000,'建安区',3),(411024,411000,'鄢陵县',3),(411025,411000,'襄城县',3),(411081,411000,'禹州市',3),(411082,411000,'长葛市',3),(411100,410000,'漯河市',2),(411101,411100,'市辖区',3),(411102,411100,'源汇区',3),(411103,411100,'郾城区',3),(411104,411100,'召陵区',3),(411121,411100,'舞阳县',3),(411122,411100,'临颍县',3),(411200,410000,'三门峡市',2),(411201,411200,'市辖区',3),(411202,411200,'湖滨区',3),(411203,411200,'陕州区',3),(411221,411200,'渑池县',3),(411224,411200,'卢氏县',3),(411281,411200,'义马市',3),(411282,411200,'灵宝市',3),(411300,410000,'南阳市',2),(411301,411300,'市辖区',3),(411302,411300,'宛城区',3),(411303,411300,'卧龙区',3),(411321,411300,'南召县',3),(411322,411300,'方城县',3),(411323,411300,'西峡县',3),(411324,411300,'镇平县',3),(411325,411300,'内乡县',3),(411326,411300,'淅川县',3),(411327,411300,'社旗县',3),(411328,411300,'唐河县',3),(411329,411300,'新野县',3),(411330,411300,'桐柏县',3),(411381,411300,'邓州市',3),(411400,410000,'商丘市',2),(411401,411400,'市辖区',3),(411402,411400,'梁园区',3),(411403,411400,'睢阳区',3),(411421,411400,'民权县',3),(411422,411400,'睢县',3),(411423,411400,'宁陵县',3),(411424,411400,'柘城县',3),(411425,411400,'虞城县',3),(411426,411400,'夏邑县',3),(411481,411400,'永城市',3),(411500,410000,'信阳市',2),(411501,411500,'市辖区',3),(411502,411500,'浉河区',3),(411503,411500,'平桥区',3),(411521,411500,'罗山县',3),(411522,411500,'光山县',3),(411523,411500,'新县',3),(411524,411500,'商城县',3),(411525,411500,'固始县',3),(411526,411500,'潢川县',3),(411527,411500,'淮滨县',3),(411528,411500,'息县',3),(411600,410000,'周口市',2),(411601,411600,'市辖区',3),(411602,411600,'川汇区',3),(411621,411600,'扶沟县',3),(411622,411600,'西华县',3),(411623,411600,'商水县',3),(411624,411600,'沈丘县',3),(411625,411600,'郸城县',3),(411626,411600,'淮阳县',3),(411627,411600,'太康县',3),(411628,411600,'鹿邑县',3),(411681,411600,'项城市',3),(411700,410000,'驻马店市',2),(411701,411700,'市辖区',3),(411702,411700,'驿城区',3),(411721,411700,'西平县',3),(411722,411700,'上蔡县',3),(411723,411700,'平舆县',3),(411724,411700,'正阳县',3),(411725,411700,'确山县',3),(411726,411700,'泌阳县',3),(411727,411700,'汝南县',3),(411728,411700,'遂平县',3),(411729,411700,'新蔡县',3),(419000,410000,'省直辖县级行政区划',2),(419001,411800,'济源市',3),(420000,0,'湖北省',1),(420100,420000,'武汉市',2),(420101,420100,'市辖区',3),(420102,420100,'江岸区',3),(420103,420100,'江汉区',3),(420104,420100,'硚口区',3),(420105,420100,'汉阳区',3),(420106,420100,'武昌区',3),(420107,420100,'青山区',3),(420111,420100,'洪山区',3),(420112,420100,'东西湖区',3),(420113,420100,'汉南区',3),(420114,420100,'蔡甸区',3),(420115,420100,'江夏区',3),(420116,420100,'黄陂区',3),(420117,420100,'新洲区',3),(420200,420000,'黄石市',2),(420201,420200,'市辖区',3),(420202,420200,'黄石港区',3),(420203,420200,'西塞山区',3),(420204,420200,'下陆区',3),(420205,420200,'铁山区',3),(420222,420200,'阳新县',3),(420281,420200,'大冶市',3),(420300,420000,'十堰市',2),(420301,420300,'市辖区',3),(420302,420300,'茅箭区',3),(420303,420300,'张湾区',3),(420304,420300,'郧阳区',3),(420322,420300,'郧西县',3),(420323,420300,'竹山县',3),(420324,420300,'竹溪县',3),(420325,420300,'房县',3),(420381,420300,'丹江口市',3),(420500,420000,'宜昌市',2),(420501,420500,'市辖区',3),(420502,420500,'西陵区',3),(420503,420500,'伍家岗区',3),(420504,420500,'点军区',3),(420505,420500,'猇亭区',3),(420506,420500,'夷陵区',3),(420525,420500,'远安县',3),(420526,420500,'兴山县',3),(420527,420500,'秭归县',3),(420528,420500,'长阳土家族自治县',3),(420529,420500,'五峰土家族自治县',3),(420581,420500,'宜都市',3),(420582,420500,'当阳市',3),(420583,420500,'枝江市',3),(420600,420000,'襄阳市',2),(420601,420600,'市辖区',3),(420602,420600,'襄城区',3),(420606,420600,'樊城区',3),(420607,420600,'襄州区',3),(420624,420600,'南漳县',3),(420625,420600,'谷城县',3),(420626,420600,'保康县',3),(420682,420600,'老河口市',3),(420683,420600,'枣阳市',3),(420684,420600,'宜城市',3),(420700,420000,'鄂州市',2),(420701,420700,'市辖区',3),(420702,420700,'梁子湖区',3),(420703,420700,'华容区',3),(420704,420700,'鄂城区',3),(420800,420000,'荆门市',2),(420801,420800,'市辖区',3),(420802,420800,'东宝区',3),(420804,420800,'掇刀区',3),(420822,420800,'沙洋县',3),(420881,420800,'钟祥市',3),(420882,420800,'京山市',3),(420900,420000,'孝感市',2),(420901,420900,'市辖区',3),(420902,420900,'孝南区',3),(420921,420900,'孝昌县',3),(420922,420900,'大悟县',3),(420923,420900,'云梦县',3),(420981,420900,'应城市',3),(420982,420900,'安陆市',3),(420984,420900,'汉川市',3),(421000,420000,'荆州市',2),(421001,421000,'市辖区',3),(421002,421000,'沙市区',3),(421003,421000,'荆州区',3),(421022,421000,'公安县',3),(421023,421000,'监利县',3),(421024,421000,'江陵县',3),(421081,421000,'石首市',3),(421083,421000,'洪湖市',3),(421087,421000,'松滋市',3),(421100,420000,'黄冈市',2),(421101,421100,'市辖区',3),(421102,421100,'黄州区',3),(421121,421100,'团风县',3),(421122,421100,'红安县',3),(421123,421100,'罗田县',3),(421124,421100,'英山县',3),(421125,421100,'浠水县',3),(421126,421100,'蕲春县',3),(421127,421100,'黄梅县',3),(421181,421100,'麻城市',3),(421182,421100,'武穴市',3),(421200,420000,'咸宁市',2),(421201,421200,'市辖区',3),(421202,421200,'咸安区',3),(421221,421200,'嘉鱼县',3),(421222,421200,'通城县',3),(421223,421200,'崇阳县',3),(421224,421200,'通山县',3),(421281,421200,'赤壁市',3),(421300,420000,'随州市',2),(421301,421300,'市辖区',3),(421303,421300,'曾都区',3),(421321,421300,'随县',3),(421381,421300,'广水市',3),(422800,420000,'恩施土家族苗族自治州',2),(422801,422800,'恩施市',3),(422802,422800,'利川市',3),(422822,422800,'建始县',3),(422823,422800,'巴东县',3),(422825,422800,'宣恩县',3),(422826,422800,'咸丰县',3),(422827,422800,'来凤县',3),(422828,422800,'鹤峰县',3),(429000,420000,'省直辖县级行政区划',2),(429004,429000,'仙桃市',3),(429005,429000,'潜江市',3),(429006,429000,'天门市',3),(429021,429000,'神农架林区',3),(430000,0,'湖南省',1),(430100,430000,'长沙市',2),(430101,430100,'市辖区',3),(430102,430100,'芙蓉区',3),(430103,430100,'天心区',3),(430104,430100,'岳麓区',3),(430105,430100,'开福区',3),(430111,430100,'雨花区',3),(430112,430100,'望城区',3),(430121,430100,'长沙县',3),(430181,430100,'浏阳市',3),(430182,430100,'宁乡市',3),(430200,430000,'株洲市',2),(430201,430200,'市辖区',3),(430202,430200,'荷塘区',3),(430203,430200,'芦淞区',3),(430204,430200,'石峰区',3),(430211,430200,'天元区',3),(430212,430200,'渌口区',3),(430223,430200,'攸县',3),(430224,430200,'茶陵县',3),(430225,430200,'炎陵县',3),(430281,430200,'醴陵市',3),(430300,430000,'湘潭市',2),(430301,430300,'市辖区',3),(430302,430300,'雨湖区',3),(430304,430300,'岳塘区',3),(430321,430300,'湘潭县',3),(430381,430300,'湘乡市',3),(430382,430300,'韶山市',3),(430400,430000,'衡阳市',2),(430401,430400,'市辖区',3),(430405,430400,'珠晖区',3),(430406,430400,'雁峰区',3),(430407,430400,'石鼓区',3),(430408,430400,'蒸湘区',3),(430412,430400,'南岳区',3),(430421,430400,'衡阳县',3),(430422,430400,'衡南县',3),(430423,430400,'衡山县',3),(430424,430400,'衡东县',3),(430426,430400,'祁东县',3),(430481,430400,'耒阳市',3),(430482,430400,'常宁市',3),(430500,430000,'邵阳市',2),(430501,430500,'市辖区',3),(430502,430500,'双清区',3),(430503,430500,'大祥区',3),(430511,430500,'北塔区',3),(430521,430500,'邵东县',3),(430522,430500,'新邵县',3),(430523,430500,'邵阳县',3),(430524,430500,'隆回县',3),(430525,430500,'洞口县',3),(430527,430500,'绥宁县',3),(430528,430500,'新宁县',3),(430529,430500,'城步苗族自治县',3),(430581,430500,'武冈市',3),(430600,430000,'岳阳市',2),(430601,430600,'市辖区',3),(430602,430600,'岳阳楼区',3),(430603,430600,'云溪区',3),(430611,430600,'君山区',3),(430621,430600,'岳阳县',3),(430623,430600,'华容县',3),(430624,430600,'湘阴县',3),(430626,430600,'平江县',3),(430681,430600,'汨罗市',3),(430682,430600,'临湘市',3),(430700,430000,'常德市',2),(430701,430700,'市辖区',3),(430702,430700,'武陵区',3),(430703,430700,'鼎城区',3),(430721,430700,'安乡县',3),(430722,430700,'汉寿县',3),(430723,430700,'澧县',3),(430724,430700,'临澧县',3),(430725,430700,'桃源县',3),(430726,430700,'石门县',3),(430781,430700,'津市市',3),(430800,430000,'张家界市',2),(430801,430800,'市辖区',3),(430802,430800,'永定区',3),(430811,430800,'武陵源区',3),(430821,430800,'慈利县',3),(430822,430800,'桑植县',3),(430900,430000,'益阳市',2),(430901,430900,'市辖区',3),(430902,430900,'资阳区',3),(430903,430900,'赫山区',3),(430921,430900,'南县',3),(430922,430900,'桃江县',3),(430923,430900,'安化县',3),(430981,430900,'沅江市',3),(431000,430000,'郴州市',2),(431001,431000,'市辖区',3),(431002,431000,'北湖区',3),(431003,431000,'苏仙区',3),(431021,431000,'桂阳县',3),(431022,431000,'宜章县',3),(431023,431000,'永兴县',3),(431024,431000,'嘉禾县',3),(431025,431000,'临武县',3),(431026,431000,'汝城县',3),(431027,431000,'桂东县',3),(431028,431000,'安仁县',3),(431081,431000,'资兴市',3),(431100,430000,'永州市',2),(431101,431100,'市辖区',3),(431102,431100,'零陵区',3),(431103,431100,'冷水滩区',3),(431121,431100,'祁阳县',3),(431122,431100,'东安县',3),(431123,431100,'双牌县',3),(431124,431100,'道县',3),(431125,431100,'江永县',3),(431126,431100,'宁远县',3),(431127,431100,'蓝山县',3),(431128,431100,'新田县',3),(431129,431100,'江华瑶族自治县',3),(431200,430000,'怀化市',2),(431201,431200,'市辖区',3),(431202,431200,'鹤城区',3),(431221,431200,'中方县',3),(431222,431200,'沅陵县',3),(431223,431200,'辰溪县',3),(431224,431200,'溆浦县',3),(431225,431200,'会同县',3),(431226,431200,'麻阳苗族自治县',3),(431227,431200,'新晃侗族自治县',3),(431228,431200,'芷江侗族自治县',3),(431229,431200,'靖州苗族侗族自治县',3),(431230,431200,'通道侗族自治县',3),(431240,431200,'洪江区*',3),(431281,431200,'洪江市',3),(431300,430000,'娄底市',2),(431301,431300,'市辖区',3),(431302,431300,'娄星区',3),(431321,431300,'双峰县',3),(431322,431300,'新化县',3),(431381,431300,'冷水江市',3),(431382,431300,'涟源市',3),(433100,430000,'湘西土家族苗族自治州',2),(433101,433100,'吉首市',3),(433122,433100,'泸溪县',3),(433123,433100,'凤凰县',3),(433124,433100,'花垣县',3),(433125,433100,'保靖县',3),(433126,433100,'古丈县',3),(433127,433100,'永顺县',3),(433130,433100,'龙山县',3),(440000,0,'广东省',1),(440100,440000,'广州市',2),(440101,440100,'市辖区',3),(440103,440100,'荔湾区',3),(440104,440100,'越秀区',3),(440105,440100,'海珠区',3),(440106,440100,'天河区',3),(440111,440100,'白云区',3),(440112,440100,'黄埔区',3),(440113,440100,'番禺区',3),(440114,440100,'花都区',3),(440115,440100,'南沙区',3),(440117,440100,'从化区',3),(440118,440100,'增城区',3),(440200,440000,'韶关市',2),(440201,440200,'市辖区',3),(440203,440200,'武江区',3),(440204,440200,'浈江区',3),(440205,440200,'曲江区',3),(440222,440200,'始兴县',3),(440224,440200,'仁化县',3),(440229,440200,'翁源县',3),(440232,440200,'乳源瑶族自治县',3),(440233,440200,'新丰县',3),(440281,440200,'乐昌市',3),(440282,440200,'南雄市',3),(440300,440000,'深圳市',2),(440301,440300,'市辖区',3),(440303,440300,'罗湖区',3),(440304,440300,'福田区',3),(440305,440300,'南山区',3),(440306,440300,'宝安区',3),(440307,440300,'龙岗区',3),(440308,440300,'盐田区',3),(440309,440300,'龙华区',3),(440310,440300,'坪山区',3),(440311,440300,'光明区',3),(440400,440000,'珠海市',2),(440401,440400,'市辖区',3),(440402,440400,'香洲区',3),(440403,440400,'斗门区',3),(440404,440400,'金湾区',3),(440500,440000,'汕头市',2),(440501,440500,'市辖区',3),(440507,440500,'龙湖区',3),(440511,440500,'金平区',3),(440512,440500,'濠江区',3),(440513,440500,'潮阳区',3),(440514,440500,'潮南区',3),(440515,440500,'澄海区',3),(440523,440500,'南澳县',3),(440600,440000,'佛山市',2),(440601,440600,'市辖区',3),(440604,440600,'禅城区',3),(440605,440600,'南海区',3),(440606,440600,'顺德区',3),(440607,440600,'三水区',3),(440608,440600,'高明区',3),(440700,440000,'江门市',2),(440701,440700,'市辖区',3),(440703,440700,'蓬江区',3),(440704,440700,'江海区',3),(440705,440700,'新会区',3),(440781,440700,'台山市',3),(440783,440700,'开平市',3),(440784,440700,'鹤山市',3),(440785,440700,'恩平市',3),(440800,440000,'湛江市',2),(440801,440800,'市辖区',3),(440802,440800,'赤坎区',3),(440803,440800,'霞山区',3),(440804,440800,'坡头区',3),(440811,440800,'麻章区',3),(440823,440800,'遂溪县',3),(440825,440800,'徐闻县',3),(440881,440800,'廉江市',3),(440882,440800,'雷州市',3),(440883,440800,'吴川市',3),(440900,440000,'茂名市',2),(440901,440900,'市辖区',3),(440902,440900,'茂南区',3),(440904,440900,'电白区',3),(440981,440900,'高州市',3),(440982,440900,'化州市',3),(440983,440900,'信宜市',3),(441200,440000,'肇庆市',2),(441201,441200,'市辖区',3),(441202,441200,'端州区',3),(441203,441200,'鼎湖区',3),(441204,441200,'高要区',3),(441223,441200,'广宁县',3),(441224,441200,'怀集县',3),(441225,441200,'封开县',3),(441226,441200,'德庆县',3),(441284,441200,'四会市',3),(441300,440000,'惠州市',2),(441301,441300,'市辖区',3),(441302,441300,'惠城区',3),(441303,441300,'惠阳区',3),(441322,441300,'博罗县',3),(441323,441300,'惠东县',3),(441324,441300,'龙门县',3),(441400,440000,'梅州市',2),(441401,441400,'市辖区',3),(441402,441400,'梅江区',3),(441403,441400,'梅县区',3),(441422,441400,'大埔县',3),(441423,441400,'丰顺县',3),(441424,441400,'五华县',3),(441426,441400,'平远县',3),(441427,441400,'蕉岭县',3),(441481,441400,'兴宁市',3),(441500,440000,'汕尾市',2),(441501,441500,'市辖区',3),(441502,441500,'城区',3),(441521,441500,'海丰县',3),(441523,441500,'陆河县',3),(441581,441500,'陆丰市',3),(441600,440000,'河源市',2),(441601,441600,'市辖区',3),(441602,441600,'源城区',3),(441621,441600,'紫金县',3),(441622,441600,'龙川县',3),(441623,441600,'连平县',3),(441624,441600,'和平县',3),(441625,441600,'东源县',3),(441700,440000,'阳江市',2),(441701,441700,'市辖区',3),(441702,441700,'江城区',3),(441704,441700,'阳东区',3),(441721,441700,'阳西县',3),(441781,441700,'阳春市',3),(441800,440000,'清远市',2),(441801,441800,'市辖区',3),(441802,441800,'清城区',3),(441803,441800,'清新区',3),(441821,441800,'佛冈县',3),(441823,441800,'阳山县',3),(441825,441800,'连山壮族瑶族自治县',3),(441826,441800,'连南瑶族自治县',3),(441881,441800,'英德市',3),(441882,441800,'连州市',3),(441900,440000,'东莞市',2),(442000,440000,'中山市',2),(445100,440000,'潮州市',2),(445101,445100,'市辖区',3),(445102,445100,'湘桥区',3),(445103,445100,'潮安区',3),(445122,445100,'饶平县',3),(445200,440000,'揭阳市',2),(445201,445200,'市辖区',3),(445202,445200,'榕城区',3),(445203,445200,'揭东区',3),(445222,445200,'揭西县',3),(445224,445200,'惠来县',3),(445281,445200,'普宁市',3),(445300,440000,'云浮市',2),(445301,445300,'市辖区',3),(445302,445300,'云城区',3),(445303,445300,'云安区',3),(445321,445300,'新兴县',3),(445322,445300,'郁南县',3),(445381,445300,'罗定市',3),(450000,0,'广西壮族自治区',1),(450100,450000,'南宁市',2),(450101,450100,'市辖区',3),(450102,450100,'兴宁区',3),(450103,450100,'青秀区',3),(450105,450100,'江南区',3),(450107,450100,'西乡塘区',3),(450108,450100,'良庆区',3),(450109,450100,'邕宁区',3),(450110,450100,'武鸣区',3),(450123,450100,'隆安县',3),(450124,450100,'马山县',3),(450125,450100,'上林县',3),(450126,450100,'宾阳县',3),(450127,450100,'横县',3),(450200,450000,'柳州市',2),(450201,450200,'市辖区',3),(450202,450200,'城中区',3),(450203,450200,'鱼峰区',3),(450204,450200,'柳南区',3),(450205,450200,'柳北区',3),(450206,450200,'柳江区',3),(450222,450200,'柳城县',3),(450223,450200,'鹿寨县',3),(450224,450200,'融安县',3),(450225,450200,'融水苗族自治县',3),(450226,450200,'三江侗族自治县',3),(450300,450000,'桂林市',2),(450301,450300,'市辖区',3),(450302,450300,'秀峰区',3),(450303,450300,'叠彩区',3),(450304,450300,'象山区',3),(450305,450300,'七星区',3),(450311,450300,'雁山区',3),(450312,450300,'临桂区',3),(450321,450300,'阳朔县',3),(450323,450300,'灵川县',3),(450324,450300,'全州县',3),(450325,450300,'兴安县',3),(450326,450300,'永福县',3),(450327,450300,'灌阳县',3),(450328,450300,'龙胜各族自治县',3),(450329,450300,'资源县',3),(450330,450300,'平乐县',3),(450332,450300,'恭城瑶族自治县',3),(450381,450300,'荔浦市',3),(450400,450000,'梧州市',2),(450401,450400,'市辖区',3),(450403,450400,'万秀区',3),(450405,450400,'长洲区',3),(450406,450400,'龙圩区',3),(450421,450400,'苍梧县',3),(450422,450400,'藤县',3),(450423,450400,'蒙山县',3),(450481,450400,'岑溪市',3),(450500,450000,'北海市',2),(450501,450500,'市辖区',3),(450502,450500,'海城区',3),(450503,450500,'银海区',3),(450512,450500,'铁山港区',3),(450521,450500,'合浦县',3),(450600,450000,'防城港市',2),(450601,450600,'市辖区',3),(450602,450600,'港口区',3),(450603,450600,'防城区',3),(450621,450600,'上思县',3),(450681,450600,'东兴市',3),(450700,450000,'钦州市',2),(450701,450700,'市辖区',3),(450702,450700,'钦南区',3),(450703,450700,'钦北区',3),(450721,450700,'灵山县',3),(450722,450700,'浦北县',3),(450800,450000,'贵港市',2),(450801,450800,'市辖区',3),(450802,450800,'港北区',3),(450803,450800,'港南区',3),(450804,450800,'覃塘区',3),(450821,450800,'平南县',3),(450881,450800,'桂平市',3),(450900,450000,'玉林市',2),(450901,450900,'市辖区',3),(450902,450900,'玉州区',3),(450903,450900,'福绵区',3),(450921,450900,'容县',3),(450922,450900,'陆川县',3),(450923,450900,'博白县',3),(450924,450900,'兴业县',3),(450981,450900,'北流市',3),(451000,450000,'百色市',2),(451001,451000,'市辖区',3),(451002,451000,'右江区',3),(451021,451000,'田阳县',3),(451022,451000,'田东县',3),(451023,451000,'平果县',3),(451024,451000,'德保县',3),(451026,451000,'那坡县',3),(451027,451000,'凌云县',3),(451028,451000,'乐业县',3),(451029,451000,'田林县',3),(451030,451000,'西林县',3),(451031,451000,'隆林各族自治县',3),(451081,451000,'靖西市',3),(451100,450000,'贺州市',2),(451101,451100,'市辖区',3),(451102,451100,'八步区',3),(451103,451100,'平桂区',3),(451121,451100,'昭平县',3),(451122,451100,'钟山县',3),(451123,451100,'富川瑶族自治县',3),(451200,450000,'河池市',2),(451201,451200,'市辖区',3),(451202,451200,'金城江区',3),(451203,451200,'宜州区',3),(451221,451200,'南丹县',3),(451222,451200,'天峨县',3),(451223,451200,'凤山县',3),(451224,451200,'东兰县',3),(451225,451200,'罗城仫佬族自治县',3),(451226,451200,'环江毛南族自治县',3),(451227,451200,'巴马瑶族自治县',3),(451228,451200,'都安瑶族自治县',3),(451229,451200,'大化瑶族自治县',3),(451300,450000,'来宾市',2),(451301,451300,'市辖区',3),(451302,451300,'兴宾区',3),(451321,451300,'忻城县',3),(451322,451300,'象州县',3),(451323,451300,'武宣县',3),(451324,451300,'金秀瑶族自治县',3),(451381,451300,'合山市',3),(451400,450000,'崇左市',2),(451401,451400,'市辖区',3),(451402,451400,'江州区',3),(451421,451400,'扶绥县',3),(451422,451400,'宁明县',3),(451423,451400,'龙州县',3),(451424,451400,'大新县',3),(451425,451400,'天等县',3),(451481,451400,'凭祥市',3),(460000,0,'海南省',1),(460100,460000,'海口市',2),(460101,460100,'市辖区',3),(460105,460100,'秀英区',3),(460106,460100,'龙华区',3),(460107,460100,'琼山区',3),(460108,460100,'美兰区',3),(460200,460000,'三亚市',2),(460201,460200,'市辖区',3),(460202,460200,'海棠区',3),(460203,460200,'吉阳区',3),(460204,460200,'天涯区',3),(460205,460200,'崖州区',3),(460300,460000,'三沙市',2),(460400,460000,'儋州市',2),(469000,460000,'省直辖县级行政区划',2),(469001,460500,'五指山市',3),(469002,460500,'琼海市',3),(469005,460500,'文昌市',3),(469006,460500,'万宁市',3),(469007,460500,'东方市',3),(469021,460500,'定安县',3),(469022,460500,'屯昌县',3),(469023,460500,'澄迈县',3),(469024,460500,'临高县',3),(469025,460500,'白沙黎族自治县',3),(469026,460500,'昌江黎族自治县',3),(469027,460500,'乐东黎族自治县',3),(469028,460500,'陵水黎族自治县',3),(469029,460500,'保亭黎族苗族自治县',3),(469030,460500,'琼中黎族苗族自治县',3),(500000,0,'重庆市',1),(500100,500000,'市辖区',2),(500101,500100,'万州区',3),(500102,500100,'涪陵区',3),(500103,500100,'渝中区',3),(500104,500100,'大渡口区',3),(500105,500100,'江北区',3),(500106,500100,'沙坪坝区',3),(500107,500100,'九龙坡区',3),(500108,500100,'南岸区',3),(500109,500100,'北碚区',3),(500110,500100,'綦江区',3),(500111,500100,'大足区',3),(500112,500100,'渝北区',3),(500113,500100,'巴南区',3),(500114,500100,'黔江区',3),(500115,500100,'长寿区',3),(500116,500100,'江津区',3),(500117,500100,'合川区',3),(500118,500100,'永川区',3),(500119,500100,'南川区',3),(500120,500100,'璧山区',3),(500151,500100,'铜梁区',3),(500152,500100,'潼南区',3),(500153,500100,'荣昌区',3),(500154,500100,'开州区',3),(500155,500100,'梁平区',3),(500156,500100,'武隆区',3),(500200,500000,'县',2),(500229,500200,'城口县',3),(500230,500200,'丰都县',3),(500231,500200,'垫江县',3),(500233,500200,'忠县',3),(500235,500200,'云阳县',3),(500236,500200,'奉节县',3),(500237,500200,'巫山县',3),(500238,500200,'巫溪县',3),(500240,500200,'石柱土家族自治县',3),(500241,500200,'秀山土家族苗族自治县',3),(500242,500200,'酉阳土家族苗族自治县',3),(500243,500200,'彭水苗族土家族自治县',3),(510000,0,'四川省',1),(510100,510000,'成都市',2),(510101,510100,'市辖区',3),(510104,510100,'锦江区',3),(510105,510100,'青羊区',3),(510106,510100,'金牛区',3),(510107,510100,'武侯区',3),(510108,510100,'成华区',3),(510112,510100,'龙泉驿区',3),(510113,510100,'青白江区',3),(510114,510100,'新都区',3),(510115,510100,'温江区',3),(510116,510100,'双流区',3),(510117,510100,'郫都区',3),(510121,510100,'金堂县',3),(510129,510100,'大邑县',3),(510131,510100,'蒲江县',3),(510132,510100,'新津县',3),(510181,510100,'都江堰市',3),(510182,510100,'彭州市',3),(510183,510100,'邛崃市',3),(510184,510100,'崇州市',3),(510185,510100,'简阳市',3),(510300,510000,'自贡市',2),(510301,510300,'市辖区',3),(510302,510300,'自流井区',3),(510303,510300,'贡井区',3),(510304,510300,'大安区',3),(510311,510300,'沿滩区',3),(510321,510300,'荣县',3),(510322,510300,'富顺县',3),(510400,510000,'攀枝花市',2),(510401,510400,'市辖区',3),(510402,510400,'东区',3),(510403,510400,'西区',3),(510411,510400,'仁和区',3),(510421,510400,'米易县',3),(510422,510400,'盐边县',3),(510500,510000,'泸州市',2),(510501,510500,'市辖区',3),(510502,510500,'江阳区',3),(510503,510500,'纳溪区',3),(510504,510500,'龙马潭区',3),(510521,510500,'泸县',3),(510522,510500,'合江县',3),(510524,510500,'叙永县',3),(510525,510500,'古蔺县',3),(510600,510000,'德阳市',2),(510601,510600,'市辖区',3),(510603,510600,'旌阳区',3),(510604,510600,'罗江区',3),(510623,510600,'中江县',3),(510681,510600,'广汉市',3),(510682,510600,'什邡市',3),(510683,510600,'绵竹市',3),(510700,510000,'绵阳市',2),(510701,510700,'市辖区',3),(510703,510700,'涪城区',3),(510704,510700,'游仙区',3),(510705,510700,'安州区',3),(510722,510700,'三台县',3),(510723,510700,'盐亭县',3),(510725,510700,'梓潼县',3),(510726,510700,'北川羌族自治县',3),(510727,510700,'平武县',3),(510781,510700,'江油市',3),(510800,510000,'广元市',2),(510801,510800,'市辖区',3),(510802,510800,'利州区',3),(510811,510800,'昭化区',3),(510812,510800,'朝天区',3),(510821,510800,'旺苍县',3),(510822,510800,'青川县',3),(510823,510800,'剑阁县',3),(510824,510800,'苍溪县',3),(510900,510000,'遂宁市',2),(510901,510900,'市辖区',3),(510903,510900,'船山区',3),(510904,510900,'安居区',3),(510921,510900,'蓬溪县',3),(510922,510900,'射洪县',3),(510923,510900,'大英县',3),(511000,510000,'内江市',2),(511001,511000,'市辖区',3),(511002,511000,'市中区',3),(511011,511000,'东兴区',3),(511024,511000,'威远县',3),(511025,511000,'资中县',3),(511083,511000,'隆昌市',3),(511100,510000,'乐山市',2),(511101,511100,'市辖区',3),(511102,511100,'市中区',3),(511111,511100,'沙湾区',3),(511112,511100,'五通桥区',3),(511113,511100,'金口河区',3),(511123,511100,'犍为县',3),(511124,511100,'井研县',3),(511126,511100,'夹江县',3),(511129,511100,'沐川县',3),(511132,511100,'峨边彝族自治县',3),(511133,511100,'马边彝族自治县',3),(511181,511100,'峨眉山市',3),(511300,510000,'南充市',2),(511301,511300,'市辖区',3),(511302,511300,'顺庆区',3),(511303,511300,'高坪区',3),(511304,511300,'嘉陵区',3),(511321,511300,'南部县',3),(511322,511300,'营山县',3),(511323,511300,'蓬安县',3),(511324,511300,'仪陇县',3),(511325,511300,'西充县',3),(511381,511300,'阆中市',3),(511400,510000,'眉山市',2),(511401,511400,'市辖区',3),(511402,511400,'东坡区',3),(511403,511400,'彭山区',3),(511421,511400,'仁寿县',3),(511423,511400,'洪雅县',3),(511424,511400,'丹棱县',3),(511425,511400,'青神县',3),(511500,510000,'宜宾市',2),(511501,511500,'市辖区',3),(511502,511500,'翠屏区',3),(511503,511500,'南溪区',3),(511504,511500,'叙州区',3),(511523,511500,'江安县',3),(511524,511500,'长宁县',3),(511525,511500,'高县',3),(511526,511500,'珙县',3),(511527,511500,'筠连县',3),(511528,511500,'兴文县',3),(511529,511500,'屏山县',3),(511600,510000,'广安市',2),(511601,511600,'市辖区',3),(511602,511600,'广安区',3),(511603,511600,'前锋区',3),(511621,511600,'岳池县',3),(511622,511600,'武胜县',3),(511623,511600,'邻水县',3),(511681,511600,'华蓥市',3),(511700,510000,'达州市',2),(511701,511700,'市辖区',3),(511702,511700,'通川区',3),(511703,511700,'达川区',3),(511722,511700,'宣汉县',3),(511723,511700,'开江县',3),(511724,511700,'大竹县',3),(511725,511700,'渠县',3),(511781,511700,'万源市',3),(511800,510000,'雅安市',2),(511801,511800,'市辖区',3),(511802,511800,'雨城区',3),(511803,511800,'名山区',3),(511822,511800,'荥经县',3),(511823,511800,'汉源县',3),(511824,511800,'石棉县',3),(511825,511800,'天全县',3),(511826,511800,'芦山县',3),(511827,511800,'宝兴县',3),(511900,510000,'巴中市',2),(511901,511900,'市辖区',3),(511902,511900,'巴州区',3),(511903,511900,'恩阳区',3),(511921,511900,'通江县',3),(511922,511900,'南江县',3),(511923,511900,'平昌县',3),(512000,510000,'资阳市',2),(512001,512000,'市辖区',3),(512002,512000,'雁江区',3),(512021,512000,'安岳县',3),(512022,512000,'乐至县',3),(513200,510000,'阿坝藏族羌族自治',2),(513201,513200,'马尔康市',3),(513221,513200,'汶川县',3),(513222,513200,'理县',3),(513223,513200,'茂县',3),(513224,513200,'松潘县',3),(513225,513200,'九寨沟县',3),(513226,513200,'金川县',3),(513227,513200,'小金县',3),(513228,513200,'黑水县',3),(513230,513200,'壤塘县',3),(513231,513200,'阿坝县',3),(513232,513200,'若尔盖县',3),(513233,513200,'红原县',3),(513300,510000,'甘孜藏族自治州',2),(513301,513300,'康定市',3),(513322,513300,'泸定县',3),(513323,513300,'丹巴县',3),(513324,513300,'九龙县',3),(513325,513300,'雅江县',3),(513326,513300,'道孚县',3),(513327,513300,'炉霍县',3),(513328,513300,'甘孜县',3),(513329,513300,'新龙县',3),(513330,513300,'德格县',3),(513331,513300,'白玉县',3),(513332,513300,'石渠县',3),(513333,513300,'色达县',3),(513334,513300,'理塘县',3),(513335,513300,'巴塘县',3),(513336,513300,'乡城县',3),(513337,513300,'稻城县',3),(513338,513300,'得荣县',3),(513400,510000,'凉山彝族自治州',2),(513401,513400,'西昌市',3),(513422,513400,'木里藏族自治县',3),(513423,513400,'盐源县',3),(513424,513400,'德昌县',3),(513425,513400,'会理县',3),(513426,513400,'会东县',3),(513427,513400,'宁南县',3),(513428,513400,'普格县',3),(513429,513400,'布拖县',3),(513430,513400,'金阳县',3),(513431,513400,'昭觉县',3),(513432,513400,'喜德县',3),(513433,513400,'冕宁县',3),(513434,513400,'越西县',3),(513435,513400,'甘洛县',3),(513436,513400,'美姑县',3),(513437,513400,'雷波县',3),(520000,0,'贵州省',1),(520100,520000,'贵阳市',2),(520101,520100,'市辖区',3),(520102,520100,'南明区',3),(520103,520100,'云岩区',3),(520111,520100,'花溪区',3),(520112,520100,'乌当区',3),(520113,520100,'白云区',3),(520115,520100,'观山湖区',3),(520121,520100,'开阳县',3),(520122,520100,'息烽县',3),(520123,520100,'修文县',3),(520181,520100,'清镇市',3),(520200,520000,'六盘水市',2),(520201,520200,'钟山区',3),(520203,520200,'六枝特区',3),(520221,520200,'水城县',3),(520281,520200,'盘州市',3),(520300,520000,'遵义市',2),(520301,520300,'市辖区',3),(520302,520300,'红花岗区',3),(520303,520300,'汇川区',3),(520304,520300,'播州区',3),(520322,520300,'桐梓县',3),(520323,520300,'绥阳县',3),(520324,520300,'正安县',3),(520325,520300,'道真仡佬族苗族自治县',3),(520326,520300,'务川仡佬族苗族自治县',3),(520327,520300,'凤冈县',3),(520328,520300,'湄潭县',3),(520329,520300,'余庆县',3),(520330,520300,'习水县',3),(520381,520300,'赤水市',3),(520382,520300,'仁怀市',3),(520400,520000,'安顺市',2),(520401,520400,'市辖区',3),(520402,520400,'西秀区',3),(520403,520400,'平坝区',3),(520422,520400,'普定县',3),(520423,520400,'镇宁布依族苗族自治县',3),(520424,520400,'关岭布依族苗族自治县',3),(520425,520400,'紫云苗族布依族自治县',3),(520500,520000,'毕节市',2),(520501,522200,'市辖区',3),(520502,522200,'七星关区',3),(520521,522200,'大方县',3),(520522,522200,'黔西县',3),(520523,522200,'金沙县',3),(520524,522200,'织金县',3),(520525,522200,'纳雍县',3),(520526,522200,'威宁彝族回族苗族自治县',3),(520527,522200,'赫章县',3),(520600,520000,'铜仁市',2),(520601,522300,'市辖区',3),(520602,522300,'碧江区',3),(520603,522300,'万山区',3),(520621,522300,'江口县',3),(520622,522300,'玉屏侗族自治县',3),(520623,522300,'石阡县',3),(520624,522300,'思南县',3),(520625,522300,'印江土家族苗族自治县',3),(520626,522300,'德江县',3),(520627,522300,'沿河土家族自治县',3),(520628,522300,'松桃苗族自治县',3),(522300,520000,'黔西南布依族苗族自治州',2),(522301,522400,'兴义市',3),(522302,522400,'兴仁市',3),(522323,522400,'普安县',3),(522324,522400,'晴隆县',3),(522325,522400,'贞丰县',3),(522326,522400,'望谟县',3),(522327,522400,'册亨县',3),(522328,522400,'安龙县',3),(522600,520000,'黔东南苗族侗族自治州',2),(522601,522600,'凯里市',3),(522622,522600,'黄平县',3),(522623,522600,'施秉县',3),(522624,522600,'三穗县',3),(522625,522600,'镇远县',3),(522626,522600,'岑巩县',3),(522627,522600,'天柱县',3),(522628,522600,'锦屏县',3),(522629,522600,'剑河县',3),(522630,522600,'台江县',3),(522631,522600,'黎平县',3),(522632,522600,'榕江县',3),(522633,522600,'从江县',3),(522634,522600,'雷山县',3),(522635,522600,'麻江县',3),(522636,522600,'丹寨县',3),(522700,520000,'黔南布依族苗族自治州',2),(522701,522700,'都匀市',3),(522702,522700,'福泉市',3),(522722,522700,'荔波县',3),(522723,522700,'贵定县',3),(522725,522700,'瓮安县',3),(522726,522700,'独山县',3),(522727,522700,'平塘县',3),(522728,522700,'罗甸县',3),(522729,522700,'长顺县',3),(522730,522700,'龙里县',3),(522731,522700,'惠水县',3),(522732,522700,'三都水族自治县',3),(530000,0,'云南省',1),(530100,530000,'昆明市',2),(530101,530100,'市辖区',3),(530102,530100,'五华区',3),(530103,530100,'盘龙区',3),(530111,530100,'官渡区',3),(530112,530100,'西山区',3),(530113,530100,'东川区',3),(530114,530100,'呈贡区',3),(530115,530100,'晋宁区',3),(530124,530100,'富民县',3),(530125,530100,'宜良县',3),(530126,530100,'石林彝族自治县',3),(530127,530100,'嵩明县',3),(530128,530100,'禄劝彝族苗族自治县',3),(530129,530100,'寻甸回族彝族自治县',3),(530181,530100,'安宁市',3),(530300,530000,'曲靖市',2),(530301,530300,'市辖区',3),(530302,530300,'麒麟区',3),(530303,530300,'沾益区',3),(530304,530300,'马龙区',3),(530322,530300,'陆良县',3),(530323,530300,'师宗县',3),(530324,530300,'罗平县',3),(530325,530300,'富源县',3),(530326,530300,'会泽县',3),(530381,530300,'宣威市',3),(530400,530000,'玉溪市',2),(530401,530400,'市辖区',3),(530402,530400,'红塔区',3),(530403,530400,'江川区',3),(530422,530400,'澄江县',3),(530423,530400,'通海县',3),(530424,530400,'华宁县',3),(530425,530400,'易门县',3),(530426,530400,'峨山彝族自治县',3),(530427,530400,'新平彝族傣族自治县',3),(530428,530400,'元江哈尼族彝族傣族自治县',3),(530500,530000,'保山市',2),(530501,530500,'市辖区',3),(530502,530500,'隆阳区',3),(530521,530500,'施甸县',3),(530523,530500,'龙陵县',3),(530524,530500,'昌宁县',3),(530581,530500,'腾冲市',3),(530600,530000,'昭通市',2),(530601,530600,'市辖区',3),(530602,530600,'昭阳区',3),(530621,530600,'鲁甸县',3),(530622,530600,'巧家县',3),(530623,530600,'盐津县',3),(530624,530600,'大关县',3),(530625,530600,'永善县',3),(530626,530600,'绥江县',3),(530627,530600,'镇雄县',3),(530628,530600,'彝良县',3),(530629,530600,'威信县',3),(530681,530600,'水富市',3),(530700,530000,'丽江市',2),(530701,530700,'市辖区',3),(530702,530700,'古城区',3),(530721,530700,'玉龙纳西族自治县',3),(530722,530700,'永胜县',3),(530723,530700,'华坪县',3),(530724,530700,'宁蒗彝族自治县',3),(530800,530000,'普洱市',2),(530801,530800,'市辖区',3),(530802,530800,'思茅区',3),(530821,530800,'宁洱哈尼族彝族自治县',3),(530822,530800,'墨江哈尼族自治县',3),(530823,530800,'景东彝族自治县',3),(530824,530800,'景谷傣族彝族自治县',3),(530825,530800,'镇沅彝族哈尼族拉祜族自治县',3),(530826,530800,'江城哈尼族彝族自治县',3),(530827,530800,'孟连傣族拉祜族佤族自治县',3),(530828,530800,'澜沧拉祜族自治县',3),(530829,530800,'西盟佤族自治县',3),(530900,530000,'临沧市',2),(530901,530900,'市辖区',3),(530902,530900,'临翔区',3),(530921,530900,'凤庆县',3),(530922,530900,'云县',3),(530923,530900,'永德县',3),(530924,530900,'镇康县',3),(530925,530900,'双江拉祜族佤族布朗族傣族自治县',3),(530926,530900,'耿马傣族佤族自治县',3),(530927,530900,'沧源佤族自治县',3),(532300,530000,'楚雄彝族自治州',2),(532301,532300,'楚雄市',3),(532322,532300,'双柏县',3),(532323,532300,'牟定县',3),(532324,532300,'南华县',3),(532325,532300,'姚安县',3),(532326,532300,'大姚县',3),(532327,532300,'永仁县',3),(532328,532300,'元谋县',3),(532329,532300,'武定县',3),(532331,532300,'禄丰县',3),(532500,530000,'红河哈尼族彝族自治州',2),(532501,532500,'个旧市',3),(532502,532500,'开远市',3),(532503,532500,'蒙自市',3),(532504,532500,'弥勒市',3),(532523,532500,'屏边苗族自治县',3),(532524,532500,'建水县',3),(532525,532500,'石屏县',3),(532527,532500,'泸西县',3),(532528,532500,'元阳县',3),(532529,532500,'红河县',3),(532530,532500,'金平苗族瑶族傣族自治县',3),(532531,532500,'绿春县',3),(532532,532500,'河口瑶族自治县',3),(532600,530000,'文山壮族苗族自治州',2),(532601,532600,'文山市',3),(532622,532600,'砚山县',3),(532623,532600,'西畴县',3),(532624,532600,'麻栗坡县',3),(532625,532600,'马关县',3),(532626,532600,'丘北县',3),(532627,532600,'广南县',3),(532628,532600,'富宁县',3),(532800,530000,'西双版纳傣族自治州',2),(532801,532800,'景洪市',3),(532822,532800,'勐海县',3),(532823,532800,'勐腊县',3),(532900,530000,'大理白族自治州',2),(532901,532900,'大理市',3),(532922,532900,'漾濞彝族自治县',3),(532923,532900,'祥云县',3),(532924,532900,'宾川县',3),(532925,532900,'弥渡县',3),(532926,532900,'南涧彝族自治县',3),(532927,532900,'巍山彝族回族自治县',3),(532928,532900,'永平县',3),(532929,532900,'云龙县',3),(532930,532900,'洱源县',3),(532931,532900,'剑川县',3),(532932,532900,'鹤庆县',3),(533100,530000,'德宏傣族景颇族自治州',2),(533102,533100,'瑞丽市',3),(533103,533100,'芒市',3),(533122,533100,'梁河县',3),(533123,533100,'盈江县',3),(533124,533100,'陇川县',3),(533300,530000,'怒江傈僳族自治州',2),(533301,533300,'泸水市',3),(533323,533300,'福贡县',3),(533324,533300,'贡山独龙族怒族自治县',3),(533325,533300,'兰坪白族普米族自治县',3),(533400,530000,'迪庆藏族自治州',2),(533401,533400,'香格里拉市',3),(533422,533400,'德钦县',3),(533423,533400,'维西傈僳族自治县',3),(540000,0,'西藏自治区',1),(540100,540000,'拉萨市',2),(540101,540100,'市辖区',3),(540102,540100,'城关区',3),(540103,540100,'堆龙德庆区',3),(540104,540100,'达孜区',3),(540121,540100,'林周县',3),(540122,540100,'当雄县',3),(540123,540100,'尼木县',3),(540124,540100,'曲水县',3),(540127,540100,'墨竹工卡县',3),(540200,540000,'日喀则市',2),(540201,542100,'市辖区',3),(540202,542100,'桑珠孜区',3),(540221,542100,'南木林县',3),(540222,542100,'江孜县',3),(540223,542100,'定日县',3),(540224,542100,'萨迦县',3),(540225,542100,'拉孜县',3),(540226,542100,'昂仁县',3),(540227,542100,'谢通门县',3),(540228,542100,'白朗县',3),(540229,542100,'仁布县',3),(540230,542100,'康马县',3),(540231,542100,'定结县',3),(540232,542100,'仲巴县',3),(540233,542100,'亚东县',3),(540234,542100,'吉隆县',3),(540235,542100,'聂拉木县',3),(540236,542100,'萨嘎县',3),(540237,542100,'岗巴县',3),(540300,540000,'昌都市',2),(540301,542200,'市辖区',3),(540302,542200,'卡若区',3),(540321,542200,'江达县',3),(540322,542200,'贡觉县',3),(540323,542200,'类乌齐县',3),(540324,542200,'丁青县',3),(540325,542200,'察雅县',3),(540326,542200,'八宿县',3),(540327,542200,'左贡县',3),(540328,542200,'芒康县',3),(540329,542200,'洛隆县',3),(540330,542200,'边坝县',3),(540400,540000,'林芝市',2),(540401,542300,'市辖区',3),(540402,542300,'巴宜区',3),(540421,542300,'工布江达县',3),(540422,542300,'米林县',3),(540423,542300,'墨脱县',3),(540424,542300,'波密县',3),(540425,542300,'察隅县',3),(540426,542300,'朗县',3),(540500,540000,'山南市',2),(540501,542400,'市辖区',3),(540502,542400,'乃东区',3),(540521,542400,'扎囊县',3),(540522,542400,'贡嘎县',3),(540523,542400,'桑日县',3),(540524,542400,'琼结县',3),(540525,542400,'曲松县',3),(540526,542400,'措美县',3),(540527,542400,'洛扎县',3),(540528,542400,'加查县',3),(540529,542400,'隆子县',3),(540530,542400,'错那县',3),(540531,542400,'浪卡子县',3),(540600,540000,'那曲市',2),(540601,542500,'市辖区',3),(540602,542500,'色尼区',3),(540621,542500,'嘉黎县',3),(540622,542500,'比如县',3),(540623,542500,'聂荣县',3),(540624,542500,'安多县',3),(540625,542500,'申扎县',3),(540626,542500,'索县',3),(540627,542500,'班戈县',3),(540628,542500,'巴青县',3),(540629,542500,'尼玛县',3),(540630,542500,'双湖县',3),(542500,540000,'阿里地区',2),(542521,542600,'普兰县',3),(542522,542600,'札达县',3),(542523,542600,'噶尔县',3),(542524,542600,'日土县',3),(542525,542600,'革吉县',3),(542526,542600,'改则县',3),(542527,542600,'措勤县',3),(610000,0,'陕西省',1),(610100,610000,'西安市',2),(610101,610100,'市辖区',3),(610102,610100,'新城区',3),(610103,610100,'碑林区',3),(610104,610100,'莲湖区',3),(610111,610100,'灞桥区',3),(610112,610100,'未央区',3),(610113,610100,'雁塔区',3),(610114,610100,'阎良区',3),(610115,610100,'临潼区',3),(610116,610100,'长安区',3),(610117,610100,'高陵区',3),(610118,610100,'鄠邑区',3),(610122,610100,'蓝田县',3),(610124,610100,'周至县',3),(610200,610000,'铜川市',2),(610201,610200,'市辖区',3),(610202,610200,'王益区',3),(610203,610200,'印台区',3),(610204,610200,'耀州区',3),(610222,610200,'宜君县',3),(610300,610000,'宝鸡市',2),(610301,610300,'市辖区',3),(610302,610300,'渭滨区',3),(610303,610300,'金台区',3),(610304,610300,'陈仓区',3),(610322,610300,'凤翔县',3),(610323,610300,'岐山县',3),(610324,610300,'扶风县',3),(610326,610300,'眉县',3),(610327,610300,'陇县',3),(610328,610300,'千阳县',3),(610329,610300,'麟游县',3),(610330,610300,'凤县',3),(610331,610300,'太白县',3),(610400,610000,'咸阳市',2),(610401,610400,'市辖区',3),(610402,610400,'秦都区',3),(610403,610400,'杨陵区',3),(610404,610400,'渭城区',3),(610422,610400,'三原县',3),(610423,610400,'泾阳县',3),(610424,610400,'乾县',3),(610425,610400,'礼泉县',3),(610426,610400,'永寿县',3),(610428,610400,'长武县',3),(610429,610400,'旬邑县',3),(610430,610400,'淳化县',3),(610431,610400,'武功县',3),(610481,610400,'兴平市',3),(610482,610400,'彬州市',3),(610500,610000,'渭南市',2),(610501,610500,'市辖区',3),(610502,610500,'临渭区',3),(610503,610500,'华州区',3),(610522,610500,'潼关县',3),(610523,610500,'大荔县',3),(610524,610500,'合阳县',3),(610525,610500,'澄城县',3),(610526,610500,'蒲城县',3),(610527,610500,'白水县',3),(610528,610500,'富平县',3),(610581,610500,'韩城市',3),(610582,610500,'华阴市',3),(610600,610000,'延安市',2),(610601,610600,'市辖区',3),(610602,610600,'宝塔区',3),(610603,610600,'安塞区',3),(610621,610600,'延长县',3),(610622,610600,'延川县',3),(610623,610600,'子长县',3),(610625,610600,'志丹县',3),(610626,610600,'吴起县',3),(610627,610600,'甘泉县',3),(610628,610600,'富县',3),(610629,610600,'洛川县',3),(610630,610600,'宜川县',3),(610631,610600,'黄龙县',3),(610632,610600,'黄陵县',3),(610700,610000,'汉中市',2),(610701,610700,'市辖区',3),(610702,610700,'汉台区',3),(610703,610700,'南郑区',3),(610722,610700,'城固县',3),(610723,610700,'洋县',3),(610724,610700,'西乡县',3),(610725,610700,'勉县',3),(610726,610700,'宁强县',3),(610727,610700,'略阳县',3),(610728,610700,'镇巴县',3),(610729,610700,'留坝县',3),(610730,610700,'佛坪县',3),(610800,610000,'榆林市',2),(610801,610800,'市辖区',3),(610802,610800,'榆阳区',3),(610803,610800,'横山区',3),(610822,610800,'府谷县',3),(610824,610800,'靖边县',3),(610825,610800,'定边县',3),(610826,610800,'绥德县',3),(610827,610800,'米脂县',3),(610828,610800,'佳县',3),(610829,610800,'吴堡县',3),(610830,610800,'清涧县',3),(610831,610800,'子洲县',3),(610881,610800,'神木市',3),(610900,610000,'安康市',2),(610901,610900,'市辖区',3),(610902,610900,'汉滨区',3),(610921,610900,'汉阴县',3),(610922,610900,'石泉县',3),(610923,610900,'宁陕县',3),(610924,610900,'紫阳县',3),(610925,610900,'岚皋县',3),(610926,610900,'平利县',3),(610927,610900,'镇坪县',3),(610928,610900,'旬阳县',3),(610929,610900,'白河县',3),(611000,610000,'商洛市',2),(611001,611000,'市辖区',3),(611002,611000,'商州区',3),(611021,611000,'洛南县',3),(611022,611000,'丹凤县',3),(611023,611000,'商南县',3),(611024,611000,'山阳县',3),(611025,611000,'镇安县',3),(611026,611000,'柞水县',3),(620000,0,'甘肃省',1),(620100,620000,'兰州市',2),(620101,620100,'市辖区',3),(620102,620100,'城关区',3),(620103,620100,'七里河区',3),(620104,620100,'西固区',3),(620105,620100,'安宁区',3),(620111,620100,'红古区',3),(620121,620100,'永登县',3),(620122,620100,'皋兰县',3),(620123,620100,'榆中县',3),(620200,620000,'嘉峪关市',2),(620201,620200,'市辖区',3),(620300,620000,'金昌市',2),(620301,620300,'市辖区',3),(620302,620300,'金川区',3),(620321,620300,'永昌县',3),(620400,620000,'白银市',2),(620401,620400,'市辖区',3),(620402,620400,'白银区',3),(620403,620400,'平川区',3),(620421,620400,'靖远县',3),(620422,620400,'会宁县',3),(620423,620400,'景泰县',3),(620500,620000,'天水市',2),(620501,620500,'市辖区',3),(620502,620500,'秦州区',3),(620503,620500,'麦积区',3),(620521,620500,'清水县',3),(620522,620500,'秦安县',3),(620523,620500,'甘谷县',3),(620524,620500,'武山县',3),(620525,620500,'张家川回族自治县',3),(620600,620000,'武威市',2),(620601,620600,'市辖区',3),(620602,620600,'凉州区',3),(620621,620600,'民勤县',3),(620622,620600,'古浪县',3),(620623,620600,'天祝藏族自治县',3),(620700,620000,'张掖市',2),(620701,620700,'市辖区',3),(620702,620700,'甘州区',3),(620721,620700,'肃南裕固族自治县',3),(620722,620700,'民乐县',3),(620723,620700,'临泽县',3),(620724,620700,'高台县',3),(620725,620700,'山丹县',3),(620800,620000,'平凉市',2),(620801,620800,'市辖区',3),(620802,620800,'崆峒区',3),(620821,620800,'泾川县',3),(620822,620800,'灵台县',3),(620823,620800,'崇信县',3),(620825,620800,'庄浪县',3),(620826,620800,'静宁县',3),(620881,620800,'华亭市',3),(620900,620000,'酒泉市',2),(620901,620900,'市辖区',3),(620902,620900,'肃州区',3),(620921,620900,'金塔县',3),(620922,620900,'瓜州县',3),(620923,620900,'肃北蒙古族自治县',3),(620924,620900,'阿克塞哈萨克族自治县',3),(620981,620900,'玉门市',3),(620982,620900,'敦煌市',3),(621000,620000,'庆阳市',2),(621001,621000,'市辖区',3),(621002,621000,'西峰区',3),(621021,621000,'庆城县',3),(621022,621000,'环县',3),(621023,621000,'华池县',3),(621024,621000,'合水县',3),(621025,621000,'正宁县',3),(621026,621000,'宁县',3),(621027,621000,'镇原县',3),(621100,620000,'定西市',2),(621101,621100,'市辖区',3),(621102,621100,'安定区',3),(621121,621100,'通渭县',3),(621122,621100,'陇西县',3),(621123,621100,'渭源县',3),(621124,621100,'临洮县',3),(621125,621100,'漳县',3),(621126,621100,'岷县',3),(621200,620000,'陇南市',2),(621201,621200,'市辖区',3),(621202,621200,'武都区',3),(621221,621200,'成县',3),(621222,621200,'文县',3),(621223,621200,'宕昌县',3),(621224,621200,'康县',3),(621225,621200,'西和县',3),(621226,621200,'礼县',3),(621227,621200,'徽县',3),(621228,621200,'两当县',3),(622900,620000,'临夏回族自治州',2),(622901,622900,'临夏市',3),(622921,622900,'临夏县',3),(622922,622900,'康乐县',3),(622923,622900,'永靖县',3),(622924,622900,'广河县',3),(622925,622900,'和政县',3),(622926,622900,'东乡族自治县',3),(622927,622900,'积石山保安族东乡族撒拉族自治县',3),(623000,620000,'甘南藏族自治州',2),(623001,623000,'合作市',3),(623021,623000,'临潭县',3),(623022,623000,'卓尼县',3),(623023,623000,'舟曲县',3),(623024,623000,'迭部县',3),(623025,623000,'玛曲县',3),(623026,623000,'碌曲县',3),(623027,623000,'夏河县',3),(630000,0,'青海省',1),(630100,630000,'西宁市',2),(630101,630100,'市辖区',3),(630102,630100,'城东区',3),(630103,630100,'城中区',3),(630104,630100,'城西区',3),(630105,630100,'城北区',3),(630121,630100,'大通回族土族自治县',3),(630122,630100,'湟中县',3),(630123,630100,'湟源县',3),(630200,630000,'海东市',2),(630201,632100,'市辖区',3),(630202,632100,'乐都区',3),(630203,632100,'平安区',3),(630222,632100,'民和回族土族自治县',3),(630223,632100,'互助土族自治县',3),(630224,632100,'化隆回族自治县',3),(630225,632100,'循化撒拉族自治县',3),(632200,630000,'海北藏族自治州',2),(632221,632200,'门源回族自治县',3),(632222,632200,'祁连县',3),(632223,632200,'海晏县',3),(632224,632200,'刚察县',3),(632300,630000,'黄南藏族自治州',2),(632321,632300,'同仁县',3),(632322,632300,'尖扎县',3),(632323,632300,'泽库县',3),(632324,632300,'河南蒙古族自治县',3),(632500,630000,'海南藏族自治州',2),(632521,632500,'共和县',3),(632522,632500,'同德县',3),(632523,632500,'贵德县',3),(632524,632500,'兴海县',3),(632525,632500,'贵南县',3),(632600,630000,'果洛藏族自治州',2),(632621,632600,'玛沁县',3),(632622,632600,'班玛县',3),(632623,632600,'甘德县',3),(632624,632600,'达日县',3),(632625,632600,'久治县',3),(632626,632600,'玛多县',3),(632700,630000,'玉树藏族自治州',2),(632701,632700,'玉树市',3),(632722,632700,'杂多县',3),(632723,632700,'称多县',3),(632724,632700,'治多县',3),(632725,632700,'囊谦县',3),(632726,632700,'曲麻莱县',3),(632800,630000,'海西蒙古族藏族自治州',2),(632801,632800,'格尔木市',3),(632802,632800,'德令哈市',3),(632803,632800,'茫崖市',3),(632821,632800,'乌兰县',3),(632822,632800,'都兰县',3),(632823,632800,'天峻县',3),(640000,0,'宁夏回族自治区',1),(640100,640000,'银川市',2),(640101,640100,'市辖区',3),(640104,640100,'兴庆区',3),(640105,640100,'西夏区',3),(640106,640100,'金凤区',3),(640121,640100,'永宁县',3),(640122,640100,'贺兰县',3),(640181,640100,'灵武市',3),(640200,640000,'石嘴山市',2),(640201,640200,'市辖区',3),(640202,640200,'大武口区',3),(640205,640200,'惠农区',3),(640221,640200,'平罗县',3),(640300,640000,'吴忠市',2),(640301,640300,'市辖区',3),(640302,640300,'利通区',3),(640303,640300,'红寺堡区',3),(640323,640300,'盐池县',3),(640324,640300,'同心县',3),(640381,640300,'青铜峡市',3),(640400,640000,'固原市',2),(640401,640400,'市辖区',3),(640402,640400,'原州区',3),(640422,640400,'西吉县',3),(640423,640400,'隆德县',3),(640424,640400,'泾源县',3),(640425,640400,'彭阳县',3),(640500,640000,'中卫市',2),(640501,640500,'市辖区',3),(640502,640500,'沙坡头区',3),(640521,640500,'中宁县',3),(640522,640500,'海原县',3),(650000,0,'新疆维吾尔自治区',1),(650100,650000,'乌鲁木齐市',2),(650101,650100,'市辖区',3),(650102,650100,'天山区',3),(650103,650100,'沙依巴克区',3),(650104,650100,'新市区',3),(650105,650100,'水磨沟区',3),(650106,650100,'头屯河区',3),(650107,650100,'达坂城区',3),(650109,650100,'米东区',3),(650121,650100,'乌鲁木齐县',3),(650200,650000,'克拉玛依市',2),(650201,650200,'市辖区',3),(650202,650200,'独山子区',3),(650203,650200,'克拉玛依区',3),(650204,650200,'白碱滩区',3),(650205,650200,'乌尔禾区',3),(650400,650000,'吐鲁番市',2),(650401,652100,'市辖区',3),(650402,652100,'高昌区',3),(650421,652100,'鄯善县',3),(650422,652100,'托克逊县',3),(650500,650000,'哈密市',0),(650501,652200,'市辖区',3),(650502,652200,'伊州区',3),(650521,652200,'巴里坤哈萨克自治县',3),(650522,652200,'伊吾县',3),(652300,650000,'昌吉回族自治州',2),(652301,652300,'昌吉市',3),(652302,652300,'阜康市',3),(652323,652300,'呼图壁县',3),(652324,652300,'玛纳斯县',3),(652325,652300,'奇台县',3),(652327,652300,'吉木萨尔县',3),(652328,652300,'木垒哈萨克自治县',3),(652700,650000,'博尔塔拉蒙古自治州',2),(652701,652700,'博乐市',3),(652702,652700,'阿拉山口市',3),(652722,652700,'精河县',3),(652723,652700,'温泉县',3),(652800,650000,'巴音郭楞蒙古自治州',2),(652801,652800,'库尔勒市',3),(652822,652800,'轮台县',3),(652823,652800,'尉犁县',3),(652824,652800,'若羌县',3),(652825,652800,'且末县',3),(652826,652800,'焉耆回族自治县',3),(652827,652800,'和静县',3),(652828,652800,'和硕县',3),(652829,652800,'博湖县',3),(652900,650000,'阿克苏地区',2),(652901,652900,'阿克苏市',3),(652922,652900,'温宿县',3),(652923,652900,'库车县',3),(652924,652900,'沙雅县',3),(652925,652900,'新和县',3),(652926,652900,'拜城县',3),(652927,652900,'乌什县',3),(652928,652900,'阿瓦提县',3),(652929,652900,'柯坪县',3),(653000,650000,'克孜勒苏柯尔克孜自治',2),(653001,653000,'阿图什市',3),(653022,653000,'阿克陶县',3),(653023,653000,'阿合奇县',3),(653024,653000,'乌恰县',3),(653100,650000,'喀什地区',2),(653101,653100,'喀什市',3),(653121,653100,'疏附县',3),(653122,653100,'疏勒县',3),(653123,653100,'英吉沙县',3),(653124,653100,'泽普县',3),(653125,653100,'莎车县',3),(653126,653100,'叶城县',3),(653127,653100,'麦盖提县',3),(653128,653100,'岳普湖县',3),(653129,653100,'伽师县',3),(653130,653100,'巴楚县',3),(653131,653100,'塔什库尔干塔吉克自',3),(653200,650000,'和田地区',2),(653201,653200,'和田市',3),(653221,653200,'和田县',3),(653222,653200,'墨玉县',3),(653223,653200,'皮山县',3),(653224,653200,'洛浦县',3),(653225,653200,'策勒县',3),(653226,653200,'于田县',3),(653227,653200,'民丰县',3),(654000,650000,'伊犁哈萨克自治州',2),(654002,654000,'伊宁市',3),(654003,654000,'奎屯市',3),(654004,654000,'霍尔果斯市',3),(654021,654000,'伊宁县',3),(654022,654000,'察布查尔锡伯自治县',3),(654023,654000,'霍城县',3),(654024,654000,'巩留县',3),(654025,654000,'新源县',3),(654026,654000,'昭苏县',3),(654027,654000,'特克斯县',3),(654028,654000,'尼勒克县',3),(654200,650000,'塔城地区',2),(654201,654200,'塔城市',3),(654202,654200,'乌苏市',3),(654221,654200,'额敏县',3),(654223,654200,'沙湾县',3),(654224,654200,'托里县',3),(654225,654200,'裕民县',3),(654226,654200,'和布克赛尔蒙古自治县',3),(654300,650000,'阿勒泰地区',2),(654301,654300,'阿勒泰市',3),(654321,654300,'布尔津县',3),(654322,654300,'富蕴县',3),(654323,654300,'福海县',3),(654324,654300,'哈巴河县',3),(654325,654300,'青河县',3),(654326,654300,'吉木乃县',3),(659000,650000,'自治区直辖县级行政区划',2),(659001,659000,'石河子市',3),(659002,659000,'阿拉尔市',3),(659003,659000,'图木舒克市',3),(659004,659000,'五家渠市',3),(659005,659000,'北屯市',3),(659006,659000,'铁门关市',3),(659007,659000,'双河市',3),(659008,659000,'可克达拉市',3),(659009,659000,'昆玉市',3),(710000,0,'台湾省 ',1),(810000,0,'香港特别行政区',1),(820000,0,'澳门特别行政区',1);


#
# Structure for table "delete_table"
#

DROP TABLE IF EXISTS `delete_table`;
CREATE TABLE `delete_table` (
  `id` int(11) unsigned NOT NULL AUTO_INCREMENT COMMENT '删除',
  `t_id` int(11) unsigned DEFAULT '0' COMMENT '主题id',
  `title` varchar(255) DEFAULT NULL COMMENT '标题简介',
  `content` text COMMENT '主要内容',
  `model` varchar(255) DEFAULT 'news' COMMENT '被删除的模型',
  `func` varchar(255) DEFAULT '' COMMENT '操作方法',
  `sql` varchar(255) DEFAULT '' COMMENT 'sql语句',
  `create_time` int(11) unsigned DEFAULT '0' COMMENT '创建时间',
  `update_time` int(11) unsigned DEFAULT NULL,
  PRIMARY KEY (`id`)
) ENGINE=InnoDB AUTO_INCREMENT=61 DEFAULT CHARSET=utf8 COMMENT='已删除的内容';

#
# Data for table "delete_table"
#


#
# Structure for table "nav"
#

DROP TABLE IF EXISTS `nav`;
CREATE TABLE `nav` (
  `id` int(11) NOT NULL AUTO_INCREMENT,
  `name` varchar(255) DEFAULT '未命名',
  `pid` tinyint(3) unsigned DEFAULT '0' COMMENT '父id 同表',
  `ranking` tinyint(3) unsigned DEFAULT '0' COMMENT '排名排序',
  `image` varchar(255) DEFAULT '0' COMMENT '图片',
  `url` varchar(255) DEFAULT '',
  `state` tinyint(3) unsigned DEFAULT '1' COMMENT '1=显示，0=隐藏',
  `genealogy` varchar(255) DEFAULT '[0]' COMMENT '族谱上级id列表数组',
  `user_id` bigint(20) unsigned DEFAULT '0' COMMENT '创建人id',
  `create_time` int(11) unsigned DEFAULT '0' COMMENT '创建时间',
  `update_time` int(11) unsigned DEFAULT '0' COMMENT '修改时间',
  `delete_time` int(11) unsigned DEFAULT '0',
  PRIMARY KEY (`id`)
) ENGINE=InnoDB AUTO_INCREMENT=18 DEFAULT CHARSET=utf8;

#
# Data for table "nav"
#

INSERT INTO `nav` VALUES (3,'联系我们',0,5,'nav/19/04/22/1555914206545695.jpeg','/list/about',1,'[0]',0,NULL,1555925807,0),(5,'管理',0,10,'nav/19/04/22/1555914230691445.jpeg','/admin',1,'[0]',0,NULL,1555925819,0),(13,'首页',0,0,'nav/19/04/22/1555914167673704.jpeg','/',1,'[0]',0,NULL,1555914167,0),(17,'新闻动态',0,0,'nav/19/04/22/1555914239620921.jpeg','/list/news',1,'[0]',101552115164859,1554633958,1555914239,0);



#
# Structure for table "system_safe"
#

DROP TABLE IF EXISTS `system_safe`;
CREATE TABLE `system_safe` (
  `id` bigint(20) unsigned NOT NULL AUTO_INCREMENT COMMENT '系统管理员id',
  `grade_id` int(11) unsigned DEFAULT '0' COMMENT '防御拦截级别；0=无拦截；1=根据地址栏访问权限拦截，2=根据地址栏访问权限拦截+根据请求方法拦截。3=根据地址栏+请求方法+请求参数拦截',
  `user_id` bigint(20) unsigned DEFAULT '0' COMMENT '放行的用户id,不进行拦截。一般=用户后台管理创始人id',
  `cache_time` int(11) unsigned DEFAULT '0' COMMENT '缓存时间 秒',
  `create_time` int(11) unsigned DEFAULT '0',
  `update_time` int(11) unsigned DEFAULT '0' COMMENT '更新时间',
  `delete_time` int(11) unsigned DEFAULT '0',
  `safe_name` varchar(255) DEFAULT '' COMMENT '名称',
  PRIMARY KEY (`id`)
) ENGINE=InnoDB AUTO_INCREMENT=6 DEFAULT CHARSET=utf8 ROW_FORMAT=COMPACT;

#
# Data for table "system_safe"
#

INSERT INTO `system_safe` VALUES (5,1,10101555674757204,10,1555674757,1555920028,0,'超级管理员');

#
# Structure for table "system_safe_grade"
#

DROP TABLE IF EXISTS `system_safe_grade`;
CREATE TABLE `system_safe_grade` (
  `id` int(11) NOT NULL AUTO_INCREMENT,
  `name` varchar(255) DEFAULT '未命名' COMMENT '防御名称',
  `content` varchar(255) DEFAULT '功能说明' COMMENT '功能说明',
  PRIMARY KEY (`id`)
) ENGINE=InnoDB AUTO_INCREMENT=7 DEFAULT CHARSET=utf8 ROW_FORMAT=COMPACT;

#
# Data for table "system_safe_grade"
#

INSERT INTO `system_safe_grade` VALUES (1,'url标准拦截','根据url请求路径鉴权放行'),(2,'url+请求方法','根据url请求路径鉴权放行+拦截不支持的请求方法'),(3,'url+请求参数','根据url请求路径鉴权放行+过滤禁用的请求参数或放行仅支持的请求参数'),(4,'url+请求参数+请求方法','根据url请求路径鉴权放行+过滤禁用的请求参数或放行仅支持的请求参数+拦截不支持的请求方法'),(6,'不拦截','不拦截');

#
# Structure for table "system_safe_url"
#

DROP TABLE IF EXISTS `system_safe_url`;
CREATE TABLE `system_safe_url` (
  `id` int(11) unsigned NOT NULL AUTO_INCREMENT,
  `url` varchar(255) DEFAULT NULL COMMENT 'url地址',
  `delete_time` int(11) unsigned DEFAULT '0' COMMENT '删除时间',
  `state` varchar(255) DEFAULT '0' COMMENT '0=不需要登陆就能访问的，1需要登陆才可访问',
  `content` varchar(255) DEFAULT '暂无' COMMENT '功能说明',
  `name` varchar(255) DEFAULT '未命名' COMMENT '名称',
  `access` varchar(255) DEFAULT 'home' COMMENT '标识=后端就是入口文件名不含后缀',
  PRIMARY KEY (`id`)
) ENGINE=InnoDB AUTO_INCREMENT=18 DEFAULT CHARSET=utf8 ROW_FORMAT=COMPACT;

#
# Data for table "system_safe_url"
#

INSERT INTO `system_safe_url` VALUES (3,'verify/captcha',0,'0','验证码','验证码','admin'),(4,'login/register',0,'0','新内容','注册','admin'),(16,'login/login',0,'0','登陆','登陆','admin'),(18,'login',0,'0','未知','未知','system'),(19,'login/login',0,'0','登陆','登陆','system');
